[{"model": "contenttypes.contenttype", "fields": {"app_label": "contenttypes", "model": "contenttype"}}, {"model": "contenttypes.contenttype", "fields": {"app_label": "auth", "model": "group"}}, {"model": "contenttypes.contenttype", "fields": {"app_label": "auth", "model": "permission"}}, {"model": "contenttypes.contenttype", "fields": {"app_label": "authtools", "model": "user"}}, {"model": "contenttypes.contenttype", "fields": {"app_label": "admin", "model": "logentry"}}, {"model": "contenttypes.contenttype", "fields": {"app_label": "sessions", "model": "session"}}, {"model": "contenttypes.contenttype", "fields": {"app_label": "sites", "model": "site"}}, {"model": "contenttypes.contenttype", "fields": {"app_label": "eav", "model": "attribute"}}, {"model": "contenttypes.contenttype", "fields": {"app_label": "eav", "model": "enumgroup"}}, {"model": "contenttypes.contenttype", "fields": {"app_label": "eav", "model": "value"}}, {"model": "contenttypes.contenttype", "fields": {"app_label": "eav", "model": "enumvalue"}}, {"model": "contenttypes.contenttype", "fields": {"app_label": "easy_thumbnails", "model": "thumbnaildimensions"}}, {"model": "contenttypes.contenttype", "fields": {"app_label": "easy_thumbnails", "model": "source"}}, {"model": "contenttypes.contenttype", "fields": {"app_label": "easy_thumbnails", "model": "thumbnail"}}, {"model": "contenttypes.contenttype", "fields": {"app_label": "waves", "model": "commandlinemeta"}}, {"model": "contenttypes.contenttype", "fields": {"app_label": "waves", "model": "runner"}}, {"model": "contenttypes.contenttype", "fields": {"app_label": "waves", "model": "featuremeta"}}, {"model": "contenttypes.contenttype", "fields": {"app_label": "waves", "model": "relatedinput"}}, {"model": "contenttypes.contenttype", "fields": {"app_label": "waves", "model": "websitemeta"}}, {"model": "contenttypes.contenttype", "fields": {"app_label": "waves", "model": "serviceexitcode"}}, {"model": "contenttypes.contenttype", "fields": {"app_label": "waves", "model": "citationmeta"}}, {"model": "contenttypes.contenttype", "fields": {"app_label": "waves", "model": "service"}}, {"model": "contenttypes.contenttype", "fields": {"app_label": "waves", "model": "downloadlinkmeta"}}, {"model": "contenttypes.contenttype", "fields": {"app_label": "waves", "model": "jobinput"}}, {"model": "contenttypes.contenttype", "fields": {"app_label": "waves", "model": "jobadminhistory"}}, {"model": "contenttypes.contenttype", "fields": {"app_label": "waves", "model": "relatedpapermeta"}}, {"model": "contenttypes.contenttype", "fields": {"app_label": "waves", "model": "servicerunnerparam"}}, {"model": "contenttypes.contenttype", "fields": {"app_label": "waves", "model": "joboutput"}}, {"model": "contenttypes.contenttype", "fields": {"app_label": "waves", "model": "miscellaneousmeta"}}, {"model": "contenttypes.contenttype", "fields": {"app_label": "waves", "model": "serviceinput"}}, {"model": "contenttypes.contenttype", "fields": {"app_label": "waves", "model": "job"}}, {"model": "contenttypes.contenttype", "fields": {"app_label": "waves", "model": "baseinput"}}, {"model": "contenttypes.contenttype", "fields": {"app_label": "waves", "model": "servicemeta"}}, {"model": "contenttypes.contenttype", "fields": {"app_label": "waves", "model": "servicecategory"}}, {"model": "contenttypes.contenttype", "fields": {"app_label": "waves", "model": "documentationmeta"}}, {"model": "contenttypes.contenttype", "fields": {"app_label": "waves", "model": "jobhistory"}}, {"model": "contenttypes.contenttype", "fields": {"app_label": "waves", "model": "serviceinputsample"}}, {"model": "contenttypes.contenttype", "fields": {"app_label": "waves", "model": "runnerparam"}}, {"model": "contenttypes.contenttype", "fields": {"app_label": "waves", "model": "serviceoutput"}}, {"model": "contenttypes.contenttype", "fields": {"app_label": "waves", "model": "apiprofile"}}, {"model": "contenttypes.contenttype", "fields": {"app_label": "waves", "model": "wavessite"}}, {"model": "contenttypes.contenttype", "fields": {"app_label": "corsheaders", "model": "corsmodel"}}, {"model": "auth.permission", "fields": {"name": "Can add content type", "content_type": ["contenttypes", "contenttype"], "codename": "add_contenttype"}}, {"model": "auth.permission", "fields": {"name": "Can change content type", "content_type": ["contenttypes", "contenttype"], "codename": "change_contenttype"}}, {"model": "auth.permission", "fields": {"name": "Can delete content type", "content_type": ["contenttypes", "contenttype"], "codename": "delete_contenttype"}}, {"model": "auth.permission", "fields": {"name": "Can add permission", "content_type": ["auth", "permission"], "codename": "add_permission"}}, {"model": "auth.permission", "fields": {"name": "Can change permission", "content_type": ["auth", "permission"], "codename": "change_permission"}}, {"model": "auth.permission", "fields": {"name": "Can delete permission", "content_type": ["auth", "permission"], "codename": "delete_permission"}}, {"model": "auth.permission", "fields": {"name": "Can add group", "content_type": ["auth", "group"], "codename": "add_group"}}, {"model": "auth.permission", "fields": {"name": "Can change group", "content_type": ["auth", "group"], "codename": "change_group"}}, {"model": "auth.permission", "fields": {"name": "Can delete group", "content_type": ["auth", "group"], "codename": "delete_group"}}, {"model": "auth.permission", "fields": {"name": "Can add user", "content_type": ["authtools", "user"], "codename": "add_user"}}, {"model": "auth.permission", "fields": {"name": "Can change user", "content_type": ["authtools", "user"], "codename": "change_user"}}, {"model": "auth.permission", "fields": {"name": "Can delete user", "content_type": ["authtools", "user"], "codename": "delete_user"}}, {"model": "auth.permission", "fields": {"name": "Can add log entry", "content_type": ["admin", "logentry"], "codename": "add_logentry"}}, {"model": "auth.permission", "fields": {"name": "Can change log entry", "content_type": ["admin", "logentry"], "codename": "change_logentry"}}, {"model": "auth.permission", "fields": {"name": "Can delete log entry", "content_type": ["admin", "logentry"], "codename": "delete_logentry"}}, {"model": "auth.permission", "fields": {"name": "Can add session", "content_type": ["sessions", "session"], "codename": "add_session"}}, {"model": "auth.permission", "fields": {"name": "Can change session", "content_type": ["sessions", "session"], "codename": "change_session"}}, {"model": "auth.permission", "fields": {"name": "Can delete session", "content_type": ["sessions", "session"], "codename": "delete_session"}}, {"model": "auth.permission", "fields": {"name": "Can add site", "content_type": ["sites", "site"], "codename": "add_site"}}, {"model": "auth.permission", "fields": {"name": "Can change site", "content_type": ["sites", "site"], "codename": "change_site"}}, {"model": "auth.permission", "fields": {"name": "Can delete site", "content_type": ["sites", "site"], "codename": "delete_site"}}, {"model": "auth.permission", "fields": {"name": "Can add enum value", "content_type": ["eav", "enumvalue"], "codename": "add_enumvalue"}}, {"model": "auth.permission", "fields": {"name": "Can change enum value", "content_type": ["eav", "enumvalue"], "codename": "change_enumvalue"}}, {"model": "auth.permission", "fields": {"name": "Can delete enum value", "content_type": ["eav", "enumvalue"], "codename": "delete_enumvalue"}}, {"model": "auth.permission", "fields": {"name": "Can add enum group", "content_type": ["eav", "enumgroup"], "codename": "add_enumgroup"}}, {"model": "auth.permission", "fields": {"name": "Can change enum group", "content_type": ["eav", "enumgroup"], "codename": "change_enumgroup"}}, {"model": "auth.permission", "fields": {"name": "Can delete enum group", "content_type": ["eav", "enumgroup"], "codename": "delete_enumgroup"}}, {"model": "auth.permission", "fields": {"name": "Can add attribute", "content_type": ["eav", "attribute"], "codename": "add_attribute"}}, {"model": "auth.permission", "fields": {"name": "Can change attribute", "content_type": ["eav", "attribute"], "codename": "change_attribute"}}, {"model": "auth.permission", "fields": {"name": "Can delete attribute", "content_type": ["eav", "attribute"], "codename": "delete_attribute"}}, {"model": "auth.permission", "fields": {"name": "Can add value", "content_type": ["eav", "value"], "codename": "add_value"}}, {"model": "auth.permission", "fields": {"name": "Can change value", "content_type": ["eav", "value"], "codename": "change_value"}}, {"model": "auth.permission", "fields": {"name": "Can delete value", "content_type": ["eav", "value"], "codename": "delete_value"}}, {"model": "auth.permission", "fields": {"name": "Can add source", "content_type": ["easy_thumbnails", "source"], "codename": "add_source"}}, {"model": "auth.permission", "fields": {"name": "Can change source", "content_type": ["easy_thumbnails", "source"], "codename": "change_source"}}, {"model": "auth.permission", "fields": {"name": "Can delete source", "content_type": ["easy_thumbnails", "source"], "codename": "delete_source"}}, {"model": "auth.permission", "fields": {"name": "Can add thumbnail", "content_type": ["easy_thumbnails", "thumbnail"], "codename": "add_thumbnail"}}, {"model": "auth.permission", "fields": {"name": "Can change thumbnail", "content_type": ["easy_thumbnails", "thumbnail"], "codename": "change_thumbnail"}}, {"model": "auth.permission", "fields": {"name": "Can delete thumbnail", "content_type": ["easy_thumbnails", "thumbnail"], "codename": "delete_thumbnail"}}, {"model": "auth.permission", "fields": {"name": "Can add thumbnail dimensions", "content_type": ["easy_thumbnails", "thumbnaildimensions"], "codename": "add_thumbnaildimensions"}}, {"model": "auth.permission", "fields": {"name": "Can change thumbnail dimensions", "content_type": ["easy_thumbnails", "thumbnaildimensions"], "codename": "change_thumbnaildimensions"}}, {"model": "auth.permission", "fields": {"name": "Can delete thumbnail dimensions", "content_type": ["easy_thumbnails", "thumbnaildimensions"], "codename": "delete_thumbnaildimensions"}}, {"model": "auth.permission", "fields": {"name": "Can add api profile", "content_type": ["waves", "apiprofile"], "codename": "add_apiprofile"}}, {"model": "auth.permission", "fields": {"name": "Can change api profile", "content_type": ["waves", "apiprofile"], "codename": "change_apiprofile"}}, {"model": "auth.permission", "fields": {"name": "Can delete api profile", "content_type": ["waves", "apiprofile"], "codename": "delete_apiprofile"}}, {"model": "auth.permission", "fields": {"name": "Can add Job", "content_type": ["waves", "job"], "codename": "add_job"}}, {"model": "auth.permission", "fields": {"name": "Can change Job", "content_type": ["waves", "job"], "codename": "change_job"}}, {"model": "auth.permission", "fields": {"name": "Can delete Job", "content_type": ["waves", "job"], "codename": "delete_job"}}, {"model": "auth.permission", "fields": {"name": "Can add job input", "content_type": ["waves", "jobinput"], "codename": "add_jobinput"}}, {"model": "auth.permission", "fields": {"name": "Can change job input", "content_type": ["waves", "jobinput"], "codename": "change_jobinput"}}, {"model": "auth.permission", "fields": {"name": "Can delete job input", "content_type": ["waves", "jobinput"], "codename": "delete_jobinput"}}, {"model": "auth.permission", "fields": {"name": "Can add job output", "content_type": ["waves", "joboutput"], "codename": "add_joboutput"}}, {"model": "auth.permission", "fields": {"name": "Can change job output", "content_type": ["waves", "joboutput"], "codename": "change_joboutput"}}, {"model": "auth.permission", "fields": {"name": "Can delete job output", "content_type": ["waves", "joboutput"], "codename": "delete_joboutput"}}, {"model": "auth.permission", "fields": {"name": "Can add job history", "content_type": ["waves", "jobhistory"], "codename": "add_jobhistory"}}, {"model": "auth.permission", "fields": {"name": "Can change job history", "content_type": ["waves", "jobhistory"], "codename": "change_jobhistory"}}, {"model": "auth.permission", "fields": {"name": "Can delete job history", "content_type": ["waves", "jobhistory"], "codename": "delete_jobhistory"}}, {"model": "auth.permission", "fields": {"name": "Can add job admin history", "content_type": ["waves", "jobhistory"], "codename": "add_jobadminhistory"}}, {"model": "auth.permission", "fields": {"name": "Can change job admin history", "content_type": ["waves", "jobhistory"], "codename": "change_jobadminhistory"}}, {"model": "auth.permission", "fields": {"name": "Can delete job admin history", "content_type": ["waves", "jobhistory"], "codename": "delete_jobadminhistory"}}, {"model": "auth.permission", "fields": {"name": "Can add Service runner", "content_type": ["waves", "runner"], "codename": "add_runner"}}, {"model": "auth.permission", "fields": {"name": "Can change Service runner", "content_type": ["waves", "runner"], "codename": "change_runner"}}, {"model": "auth.permission", "fields": {"name": "Can delete Service runner", "content_type": ["waves", "runner"], "codename": "delete_runner"}}, {"model": "auth.permission", "fields": {"name": "Can add runner param", "content_type": ["waves", "runnerparam"], "codename": "add_runnerparam"}}, {"model": "auth.permission", "fields": {"name": "Can change runner param", "content_type": ["waves", "runnerparam"], "codename": "change_runnerparam"}}, {"model": "auth.permission", "fields": {"name": "Can delete runner param", "content_type": ["waves", "runnerparam"], "codename": "delete_runnerparam"}}, {"model": "auth.permission", "fields": {"name": "Can add service input sample", "content_type": ["waves", "serviceinputsample"], "codename": "add_serviceinputsample"}}, {"model": "auth.permission", "fields": {"name": "Can change service input sample", "content_type": ["waves", "serviceinputsample"], "codename": "change_serviceinputsample"}}, {"model": "auth.permission", "fields": {"name": "Can delete service input sample", "content_type": ["waves", "serviceinputsample"], "codename": "delete_serviceinputsample"}}, {"model": "auth.permission", "fields": {"name": "Can add Service's runner init param", "content_type": ["waves", "servicerunnerparam"], "codename": "add_servicerunnerparam"}}, {"model": "auth.permission", "fields": {"name": "Can change Service's runner init param", "content_type": ["waves", "servicerunnerparam"], "codename": "change_servicerunnerparam"}}, {"model": "auth.permission", "fields": {"name": "Can delete Service's runner init param", "content_type": ["waves", "servicerunnerparam"], "codename": "delete_servicerunnerparam"}}, {"model": "auth.permission", "fields": {"name": "Can add Service's category", "content_type": ["waves", "servicecategory"], "codename": "add_servicecategory"}}, {"model": "auth.permission", "fields": {"name": "Can change Service's category", "content_type": ["waves", "servicecategory"], "codename": "change_servicecategory"}}, {"model": "auth.permission", "fields": {"name": "Can delete Service's category", "content_type": ["waves", "servicecategory"], "codename": "delete_servicecategory"}}, {"model": "auth.permission", "fields": {"name": "Can add Service", "content_type": ["waves", "service"], "codename": "add_service"}}, {"model": "auth.permission", "fields": {"name": "Can change Service", "content_type": ["waves", "service"], "codename": "change_service"}}, {"model": "auth.permission", "fields": {"name": "Can delete Service", "content_type": ["waves", "service"], "codename": "delete_service"}}, {"model": "auth.permission", "fields": {"name": "Can add base input", "content_type": ["waves", "baseinput"], "codename": "add_baseinput"}}, {"model": "auth.permission", "fields": {"name": "Can change base input", "content_type": ["waves", "baseinput"], "codename": "change_baseinput"}}, {"model": "auth.permission", "fields": {"name": "Can delete base input", "content_type": ["waves", "baseinput"], "codename": "delete_baseinput"}}, {"model": "auth.permission", "fields": {"name": "Can add Base Input parameter", "content_type": ["waves", "baseinput"], "codename": "add_serviceinput"}}, {"model": "auth.permission", "fields": {"name": "Can change Base Input parameter", "content_type": ["waves", "baseinput"], "codename": "change_serviceinput"}}, {"model": "auth.permission", "fields": {"name": "Can delete Base Input parameter", "content_type": ["waves", "baseinput"], "codename": "delete_serviceinput"}}, {"model": "auth.permission", "fields": {"name": "Can add Dependent parameter", "content_type": ["waves", "relatedinput"], "codename": "add_relatedinput"}}, {"model": "auth.permission", "fields": {"name": "Can change Dependent parameter", "content_type": ["waves", "relatedinput"], "codename": "change_relatedinput"}}, {"model": "auth.permission", "fields": {"name": "Can delete Dependent parameter", "content_type": ["waves", "relatedinput"], "codename": "delete_relatedinput"}}, {"model": "auth.permission", "fields": {"name": "Can add Service Exit Code", "content_type": ["waves", "serviceexitcode"], "codename": "add_serviceexitcode"}}, {"model": "auth.permission", "fields": {"name": "Can change Service Exit Code", "content_type": ["waves", "serviceexitcode"], "codename": "change_serviceexitcode"}}, {"model": "auth.permission", "fields": {"name": "Can delete Service Exit Code", "content_type": ["waves", "serviceexitcode"], "codename": "delete_serviceexitcode"}}, {"model": "auth.permission", "fields": {"name": "Can add Service Output", "content_type": ["waves", "serviceoutput"], "codename": "add_serviceoutput"}}, {"model": "auth.permission", "fields": {"name": "Can change Service Output", "content_type": ["waves", "serviceoutput"], "codename": "change_serviceoutput"}}, {"model": "auth.permission", "fields": {"name": "Can delete Service Output", "content_type": ["waves", "serviceoutput"], "codename": "delete_serviceoutput"}}, {"model": "auth.permission", "fields": {"name": "Can add Service Meta information", "content_type": ["waves", "servicemeta"], "codename": "add_servicemeta"}}, {"model": "auth.permission", "fields": {"name": "Can change Service Meta information", "content_type": ["waves", "servicemeta"], "codename": "change_servicemeta"}}, {"model": "auth.permission", "fields": {"name": "Can delete Service Meta information", "content_type": ["waves", "servicemeta"], "codename": "delete_servicemeta"}}, {"model": "auth.permission", "fields": {"name": "Can add web site meta", "content_type": ["waves", "servicemeta"], "codename": "add_websitemeta"}}, {"model": "auth.permission", "fields": {"name": "Can change web site meta", "content_type": ["waves", "servicemeta"], "codename": "change_websitemeta"}}, {"model": "auth.permission", "fields": {"name": "Can delete web site meta", "content_type": ["waves", "servicemeta"], "codename": "delete_websitemeta"}}, {"model": "auth.permission", "fields": {"name": "Can add documentation meta", "content_type": ["waves", "servicemeta"], "codename": "add_documentationmeta"}}, {"model": "auth.permission", "fields": {"name": "Can change documentation meta", "content_type": ["waves", "servicemeta"], "codename": "change_documentationmeta"}}, {"model": "auth.permission", "fields": {"name": "Can delete documentation meta", "content_type": ["waves", "servicemeta"], "codename": "delete_documentationmeta"}}, {"model": "auth.permission", "fields": {"name": "Can add download link meta", "content_type": ["waves", "servicemeta"], "codename": "add_downloadlinkmeta"}}, {"model": "auth.permission", "fields": {"name": "Can change download link meta", "content_type": ["waves", "servicemeta"], "codename": "change_downloadlinkmeta"}}, {"model": "auth.permission", "fields": {"name": "Can delete download link meta", "content_type": ["waves", "servicemeta"], "codename": "delete_downloadlinkmeta"}}, {"model": "auth.permission", "fields": {"name": "Can add feature meta", "content_type": ["waves", "servicemeta"], "codename": "add_featuremeta"}}, {"model": "auth.permission", "fields": {"name": "Can change feature meta", "content_type": ["waves", "servicemeta"], "codename": "change_featuremeta"}}, {"model": "auth.permission", "fields": {"name": "Can delete feature meta", "content_type": ["waves", "servicemeta"], "codename": "delete_featuremeta"}}, {"model": "auth.permission", "fields": {"name": "Can add miscellaneous meta", "content_type": ["waves", "servicemeta"], "codename": "add_miscellaneousmeta"}}, {"model": "auth.permission", "fields": {"name": "Can change miscellaneous meta", "content_type": ["waves", "servicemeta"], "codename": "change_miscellaneousmeta"}}, {"model": "auth.permission", "fields": {"name": "Can delete miscellaneous meta", "content_type": ["waves", "servicemeta"], "codename": "delete_miscellaneousmeta"}}, {"model": "auth.permission", "fields": {"name": "Can add related paper meta", "content_type": ["waves", "servicemeta"], "codename": "add_relatedpapermeta"}}, {"model": "auth.permission", "fields": {"name": "Can change related paper meta", "content_type": ["waves", "servicemeta"], "codename": "change_relatedpapermeta"}}, {"model": "auth.permission", "fields": {"name": "Can delete related paper meta", "content_type": ["waves", "servicemeta"], "codename": "delete_relatedpapermeta"}}, {"model": "auth.permission", "fields": {"name": "Can add citation meta", "content_type": ["waves", "servicemeta"], "codename": "add_citationmeta"}}, {"model": "auth.permission", "fields": {"name": "Can change citation meta", "content_type": ["waves", "servicemeta"], "codename": "change_citationmeta"}}, {"model": "auth.permission", "fields": {"name": "Can delete citation meta", "content_type": ["waves", "servicemeta"], "codename": "delete_citationmeta"}}, {"model": "auth.permission", "fields": {"name": "Can add command line meta", "content_type": ["waves", "servicemeta"], "codename": "add_commandlinemeta"}}, {"model": "auth.permission", "fields": {"name": "Can change command line meta", "content_type": ["waves", "servicemeta"], "codename": "change_commandlinemeta"}}, {"model": "auth.permission", "fields": {"name": "Can delete command line meta", "content_type": ["waves", "servicemeta"], "codename": "delete_commandlinemeta"}}, {"model": "auth.permission", "fields": {"name": "Can add Web application main configuration", "content_type": ["waves", "wavessite"], "codename": "add_wavessite"}}, {"model": "auth.permission", "fields": {"name": "Can change Web application main configuration", "content_type": ["waves", "wavessite"], "codename": "change_wavessite"}}, {"model": "auth.permission", "fields": {"name": "Can delete Web application main configuration", "content_type": ["waves", "wavessite"], "codename": "delete_wavessite"}}, {"model": "auth.permission", "fields": {"name": "Can add cors model", "content_type": ["corsheaders", "corsmodel"], "codename": "add_corsmodel"}}, {"model": "auth.permission", "fields": {"name": "Can change cors model", "content_type": ["corsheaders", "corsmodel"], "codename": "change_corsmodel"}}, {"model": "auth.permission", "fields": {"name": "Can delete cors model", "content_type": ["corsheaders", "corsmodel"], "codename": "delete_corsmodel"}}, {"model": "auth.permission", "fields": {"name": "Can add Base Input parameter", "content_type": ["waves", "serviceinput"], "codename": "add_serviceinput"}}, {"model": "auth.permission", "fields": {"name": "Can change Base Input parameter", "content_type": ["waves", "serviceinput"], "codename": "change_serviceinput"}}, {"model": "auth.permission", "fields": {"name": "Can delete Base Input parameter", "content_type": ["waves", "serviceinput"], "codename": "delete_serviceinput"}}, {"model": "auth.group", "fields": {"name": "WAVES_ADMIN", "permissions": [["add_user", "authtools", "user"], ["change_user", "authtools", "user"], ["delete_user", "authtools", "user"], ["add_corsmodel", "corsheaders", "corsmodel"], ["change_corsmodel", "corsheaders", "corsmodel"], ["delete_corsmodel", "corsheaders", "corsmodel"], ["add_apiprofile", "waves", "apiprofile"], ["change_apiprofile", "waves", "apiprofile"], ["delete_apiprofile", "waves", "apiprofile"], ["add_baseinput", "waves", "baseinput"], ["change_baseinput", "waves", "baseinput"], ["delete_baseinput", "waves", "baseinput"], ["add_job", "waves", "job"], ["change_job", "waves", "job"], ["delete_job", "waves", "job"], ["add_jobhistory", "waves", "jobhistory"], ["change_jobhistory", "waves", "jobhistory"], ["delete_jobhistory", "waves", "jobhistory"], ["add_jobinput", "waves", "jobinput"], ["change_jobinput", "waves", "jobinput"], ["delete_jobinput", "waves", "jobinput"], ["add_joboutput", "waves", "joboutput"], ["change_joboutput", "waves", "joboutput"], ["delete_joboutput", "waves", "joboutput"], ["add_runner", "waves", "runner"], ["change_runner", "waves", "runner"], ["delete_runner", "waves", "runner"], ["add_runnerparam", "waves", "runnerparam"], ["change_runnerparam", "waves", "runnerparam"], ["delete_runnerparam", "waves", "runnerparam"], ["add_service", "waves", "service"], ["change_service", "waves", "service"], ["delete_service", "waves", "service"], ["add_servicecategory", "waves", "servicecategory"], ["change_servicecategory", "waves", "servicecategory"], ["delete_servicecategory", "waves", "servicecategory"], ["add_serviceinput", "waves", "serviceinput"], ["change_serviceinput", "waves", "serviceinput"], ["delete_serviceinput", "waves", "serviceinput"], ["add_serviceinputsample", "waves", "serviceinputsample"], ["change_serviceinputsample", "waves", "serviceinputsample"], ["delete_serviceinputsample", "waves", "serviceinputsample"], ["add_citationmeta", "waves", "servicemeta"], ["add_commandlinemeta", "waves", "servicemeta"], ["add_documentationmeta", "waves", "servicemeta"], ["add_downloadlinkmeta", "waves", "servicemeta"], ["add_featuremeta", "waves", "servicemeta"], ["add_miscellaneousmeta", "waves", "servicemeta"], ["add_relatedpapermeta", "waves", "servicemeta"], ["add_servicemeta", "waves", "servicemeta"], ["add_websitemeta", "waves", "servicemeta"], ["change_citationmeta", "waves", "servicemeta"], ["change_commandlinemeta", "waves", "servicemeta"], ["change_documentationmeta", "waves", "servicemeta"], ["change_downloadlinkmeta", "waves", "servicemeta"], ["change_featuremeta", "waves", "servicemeta"], ["change_miscellaneousmeta", "waves", "servicemeta"], ["change_relatedpapermeta", "waves", "servicemeta"], ["change_servicemeta", "waves", "servicemeta"], ["change_websitemeta", "waves", "servicemeta"], ["delete_citationmeta", "waves", "servicemeta"], ["delete_commandlinemeta", "waves", "servicemeta"], ["delete_documentationmeta", "waves", "servicemeta"], ["delete_downloadlinkmeta", "waves", "servicemeta"], ["delete_featuremeta", "waves", "servicemeta"], ["delete_miscellaneousmeta", "waves", "servicemeta"], ["delete_relatedpapermeta", "waves", "servicemeta"], ["delete_servicemeta", "waves", "servicemeta"], ["delete_websitemeta", "waves", "servicemeta"], ["add_serviceoutput", "waves", "serviceoutput"], ["change_serviceoutput", "waves", "serviceoutput"], ["delete_serviceoutput", "waves", "serviceoutput"], ["add_servicerunnerparam", "waves", "servicerunnerparam"], ["change_servicerunnerparam", "waves", "servicerunnerparam"], ["delete_servicerunnerparam", "waves", "servicerunnerparam"]]}}, {"model": "auth.group", "fields": {"name": "WAVES_API_USER", "permissions": [["change_user", "authtools", "user"], ["delete_user", "authtools", "user"], ["add_baseinput", "waves", "baseinput"], ["change_baseinput", "waves", "baseinput"], ["delete_baseinput", "waves", "baseinput"], ["add_service", "waves", "service"], ["change_service", "waves", "service"], ["delete_service", "waves", "service"], ["add_servicecategory", "waves", "servicecategory"], ["change_servicecategory", "waves", "servicecategory"], ["delete_servicecategory", "waves", "servicecategory"], ["add_serviceinput", "waves", "serviceinput"], ["change_serviceinput", "waves", "serviceinput"], ["delete_serviceinput", "waves", "serviceinput"]]}}, {"model": "auth.group", "fields": {"name": "WAVES_WEB_USER", "permissions": [["add_thumbnail", "easy_thumbnails", "thumbnail"], ["change_thumbnail", "easy_thumbnails", "thumbnail"], ["delete_thumbnail", "easy_thumbnails", "thumbnail"], ["add_baseinput", "waves", "baseinput"], ["change_baseinput", "waves", "baseinput"], ["delete_baseinput", "waves", "baseinput"], ["add_service", "waves", "service"], ["change_service", "waves", "service"], ["delete_service", "waves", "service"], ["add_servicecategory", "waves", "servicecategory"], ["change_servicecategory", "waves", "servicecategory"], ["delete_servicecategory", "waves", "servicecategory"], ["add_serviceinput", "waves", "serviceinput"], ["change_serviceinput", "waves", "serviceinput"], ["delete_serviceinput", "waves", "serviceinput"]]}}, {"model": "authtools.user", "fields": {"password": "pbkdf2_sha256$24000$MNyTpYRElkDq$ZXgfDX3sU7aaP09J79aqKpB68/3ZoAxYaAG5rwMR1ms=", "last_login": "2016-08-24T15:30:46.219Z", "is_superuser": true, "email": "superadmin@waves.atgc-montpellier.fr", "is_staff": true, "is_active": true, "date_joined": "2016-05-12T09:08:32.894Z", "name": "Sample Super Admin", "groups": [], "user_permissions": []}}, {"model": "authtools.user", "fields": {"password": "pbkdf2_sha256$24000$F5JSLCprIc6u$SOAZ3DL1WU8PUkr4x1zF63qUXhRbJ1jfaFIj9awY+Bw=", "last_login": "2016-06-16T14:55:19.423Z", "is_superuser": false, "email": "webuser@waves.atgc-montpellier.fr", "is_staff": false, "is_active": true, "date_joined": "2016-05-12T09:09:40.072Z", "name": "Sample User", "groups": [["WAVES_WEB_USER"]], "user_permissions": []}}, {"model": "authtools.user", "fields": {"password": "pbkdf2_sha256$24000$xOlLVlAwLJTZ$d3aphQCah8sU7/LRwx0CP9iJfvHE7BDV7HzjJIW8FMc=", "last_login": "2016-06-01T11:15:02.089Z", "is_superuser": false, "email": "apiuser@waves.atgc-montpellier.fr", "is_staff": false, "is_active": true, "date_joined": "2016-05-12T09:14:24.673Z", "name": "Sample API User", "groups": [["WAVES_API_USER"], ["WAVES_WEB_USER"]], "user_permissions": []}}, {"model": "authtools.user", "fields": {"password": "pbkdf2_sha256$24000$KTFSDWIAtN9q$q/BRjwsOp1+nullc3ZRq5umWGpA3G1Hk4/d+DL0lY5A=", "last_login": "2016-06-13T11:50:41.779Z", "is_superuser": false, "email": "admin@waves.atgc-montpellier.fr", "is_staff": true, "is_active": true, "date_joined": "2016-05-12T09:41:34.042Z", "name": "Sample Admin user", "groups": [["WAVES_ADMIN"], ["WAVES_API_USER"], ["WAVES_WEB_USER"]], "user_permissions": []}}, {"model": "authtools.user", "fields": {"password": "pbkdf2_sha256$24000$Psp06lT1cILT$9aPABj9+LpihhFp5c7NKfgxoY9bRq0D6JqIC9qDO7pA=", "last_login": null, "is_superuser": false, "email": "marc.chakiachvili@umontpellier.fr", "is_staff": false, "is_active": true, "date_joined": "2016-07-20T13:07:18.459Z", "name": "Marc Chakiachvili", "groups": [], "user_permissions": []}}, {"model": "authtools.user", "fields": {"password": "pbkdf2_sha256$24000$0SgYzWYErKzJ$GqooYNpYINQF/+9/fUUNLkGKgEM1HbJQLhHahEWv6BM=", "last_login": "2016-07-20T13:12:43.090Z", "is_superuser": false, "email": "floreal.cabanettes@lirmm.fr", "is_staff": false, "is_active": true, "date_joined": "2016-07-20T13:11:02.922Z", "name": "Flor\u00e9al Cabanettes", "groups": [["WAVES_API_USER"]], "user_permissions": []}}, {"model": "authtools.user", "fields": {"password": "pbkdf2_sha256$24000$rtfap0b1e3Xd$CDZCB1WMwLj9EBmbyLNhBHcHY/4RFEVesfhWXQ2IhUg=", "last_login": null, "is_superuser": false, "email": "marc.chakiachvili@gmail.com", "is_staff": false, "is_active": false, "date_joined": "2016-07-21T15:33:55.512Z", "name": "MARC CHAKIACHVILI", "groups": [], "user_permissions": []}}, {"model": "admin.logentry", "pk": 1, "fields": {"action_time": "2016-08-19T11:06:03.651Z", "user": ["superadmin@waves.atgc-montpellier.fr"], "content_type": ["waves", "service"], "object_id": "38", "object_repr": "Local waves v(1.0)", "action_flag": 1, "change_message": "Added. Added Base Input parameter \"Sample Label 1 (aaa - select)\". Added Dependent parameter \"qsdqsdqsd (MYRIAM - text)\"."}}, {"model": "admin.logentry", "pk": 2, "fields": {"action_time": "2016-08-19T11:06:27.280Z", "user": ["superadmin@waves.atgc-montpellier.fr"], "content_type": ["waves", "service"], "object_id": "38", "object_repr": "Local waves v(1.0)", "action_flag": 3, "change_message": ""}}, {"model": "sessions.session", "pk": "egudpuy1ycvoun0je5vwbg09ww0lbd4a", "fields": {"session_data": "OTZkYzg3ZWM2OWFjYjZkOTI5Mjc4YWFmZTNlZTYzZDY1NWNhOTVkZTp7Il9hdXRoX3VzZXJfaGFzaCI6ImJmMGU0ZjM4MWYxMWI5Njk2MDM1ZWY0NGJkYzYwMTNmMjk0ZWI0MzQiLCJfYXV0aF91c2VyX2JhY2tlbmQiOiJkamFuZ28uY29udHJpYi5hdXRoLmJhY2tlbmRzLk1vZGVsQmFja2VuZCIsIl9hdXRoX3VzZXJfaWQiOiIxIn0=", "expire_date": "2016-09-02T11:39:31.538Z"}}, {"model": "sessions.session", "pk": "w4de5thsu5s70vblsnme4eguiql4v7kq", "fields": {"session_data": "OTZkYzg3ZWM2OWFjYjZkOTI5Mjc4YWFmZTNlZTYzZDY1NWNhOTVkZTp7Il9hdXRoX3VzZXJfaGFzaCI6ImJmMGU0ZjM4MWYxMWI5Njk2MDM1ZWY0NGJkYzYwMTNmMjk0ZWI0MzQiLCJfYXV0aF91c2VyX2JhY2tlbmQiOiJkamFuZ28uY29udHJpYi5hdXRoLmJhY2tlbmRzLk1vZGVsQmFja2VuZCIsIl9hdXRoX3VzZXJfaWQiOiIxIn0=", "expire_date": "2016-09-07T15:30:46.861Z"}}, {"model": "sites.site", "pk": 1, "fields": {"domain": "waves.atgc-montpellier.fr", "name": "Waves webapp"}}, {"model": "eav.attribute", "pk": 1, "fields": {"name": "Galaxy allow history purge", "site": 1, "slug": "galaxy_allow_purge", "description": "", "enum_group": null, "type": "job", "datatype": "bool", "created": "2016-05-11T15:32:26.645Z", "modified": "2016-05-11T15:36:50.093Z", "required": false}}, {"model": "eav.attribute", "pk": 2, "fields": {"name": "Input Galaxy dataset ID", "site": 1, "slug": "galaxy_input_dataset_id", "description": "", "enum_group": null, "type": "job_input", "datatype": "text", "created": "2016-05-11T15:33:04.157Z", "modified": "2016-05-17T14:13:01.162Z", "required": false}}, {"model": "eav.attribute", "pk": 3, "fields": {"name": "Galaxy history id", "site": 1, "slug": "galaxy_history_id", "description": "", "enum_group": null, "type": "job", "datatype": "text", "created": "2016-05-11T15:34:32.677Z", "modified": "2016-05-11T15:36:55.007Z", "required": false}}, {"model": "eav.attribute", "pk": 4, "fields": {"name": "Galaxy job ID", "site": 1, "slug": "galaxy_job_id", "description": "", "enum_group": null, "type": "job", "datatype": "text", "created": "2016-05-11T15:35:01.292Z", "modified": "2016-05-17T14:05:45.418Z", "required": false}}, {"model": "eav.attribute", "pk": 5, "fields": {"name": "Ouput galaxy dataset ID", "site": 1, "slug": "galaxy_output_dataset_id", "description": "", "enum_group": null, "type": "job_output", "datatype": "text", "created": "2016-05-11T15:35:39.075Z", "modified": "2016-05-17T14:12:50.247Z", "required": false}}, {"model": "eav.attribute", "pk": 6, "fields": {"name": "Galaxy job output data", "site": 1, "slug": "job_output_file", "description": "", "enum_group": null, "type": "job_output", "datatype": "text", "created": "2016-05-17T14:13:49.718Z", "modified": "2016-05-17T14:13:49.734Z", "required": false}}, {"model": "eav.attribute", "pk": 8, "fields": {"name": "Local job PID", "site": 1, "slug": "local_job_external_pid", "description": "Local JOB execution PID", "enum_group": null, "type": "job", "datatype": "int", "created": "2016-07-15T11:06:58.954Z", "modified": "2016-07-15T11:10:14.501Z", "required": false}}, {"model": "waves.apiprofile", "pk": 6, "fields": {"slug": "b6caa450-1825-11e6-9201-3417ebccd2cf", "picture": "", "registered_for_api": true, "api_key": "a10e5dc8-1825-11e6-8eb5-3417ebccd2cf", "institution": "LIRMM", "country": "FR", "phone": null, "comment": "Do Not Use In Production !!!!", "ip": null, "banned": false}}, {"model": "waves.apiprofile", "pk": 7, "fields": {"slug": "8da0db9a-6601-11e6-af0f-3417ebccd2cf", "picture": "", "registered_for_api": false, "api_key": null, "institution": null, "country": "", "phone": null, "comment": null, "ip": null, "banned": false}}, {"model": "waves.apiprofile", "pk": 5, "fields": {"slug": "eb9d0212-1821-11e6-a8e0-3417ebccd2cf", "picture": "", "registered_for_api": true, "api_key": "eb9d047e-1821-11e6-a8e0-3417ebccd2cf", "institution": "LIRMM", "country": "FR", "phone": null, "comment": "Do not Use in production !!!", "ip": null, "banned": false}}, {"model": "waves.apiprofile", "pk": 3, "fields": {"slug": "19f01754-1821-11e6-a654-3417ebccd2cf", "picture": "", "registered_for_api": true, "api_key": "19f019ca-1821-11e6-a654-3417ebccd2cf", "institution": "LIRMM", "country": "FR", "phone": "", "comment": "Do Not use in production !!!", "ip": null, "banned": false}}, {"model": "waves.apiprofile", "pk": 4, "fields": {"slug": "41fa30ae-1821-11e6-b1d1-3417ebccd2cf", "picture": "", "registered_for_api": false, "api_key": null, "institution": "LIRMM", "country": "FR", "phone": "", "comment": "", "ip": null, "banned": false}}, {"model": "waves.apiprofile", "pk": 1, "fields": {"slug": "8da0db92-6601-11e6-af0f-3417ebccd2cf", "picture": "", "registered_for_api": true, "api_key": "8da0db93-6601-11e6-af0f-3417ebccd2cf", "institution": null, "country": "", "phone": null, "comment": null, "ip": "127.0.0.1", "banned": false}}, {"model": "waves.apiprofile", "pk": 2, "fields": {"slug": "8da0db94-6601-11e6-af0f-3417ebccd2cf", "picture": "", "registered_for_api": false, "api_key": null, "institution": null, "country": "", "phone": null, "comment": null, "ip": null, "banned": false}}, {"model": "waves.runner", "pk": 1, "fields": {"description": "<p>Galaxy service runner, may be used from another host.</p>", "short_description": null, "name": "Galaxy Tool Runner", "available": true, "clazz": "waves.runners.GalaxyJobRunner"}}, {"model": "waves.runner", "pk": 7, "fields": {"description": "<p>Our SGE server allow to run scripts on mutiple calculation cluster...</p>\r\n<p>See text is rendered <span style=\"text-decoration: underline;\"><strong>in HTML</strong></span></p>", "short_description": null, "name": "SGE Job Runner", "available": true, "clazz": "waves.runners.SGEJobRunner"}}, {"model": "waves.runner", "pk": 8, "fields": {"description": "<p>A sample Workflow runner</p>", "short_description": null, "name": "Galaxy Workflow Runner", "available": true, "clazz": "waves.runners.GalaxyWorkFlowRunner"}}, {"model": "waves.runner", "pk": 10, "fields": {"description": "<p>Execute locally your job</p>", "short_description": null, "name": "Local script runner", "available": true, "clazz": "waves.runners.ShellJobRunner"}}, {"model": "waves.runnerparam", "pk": 395, "fields": {"name": "host", "default": "http://127.0.0.1", "runner": 1}}, {"model": "waves.runnerparam", "pk": 396, "fields": {"name": "remote_tool_id", "default": null, "runner": 1}}, {"model": "waves.runnerparam", "pk": 397, "fields": {"name": "library_dir", "default": "waves_library", "runner": 1}}, {"model": "waves.runnerparam", "pk": 398, "fields": {"name": "app_key", "default": "806dcbdca2b8bb34f2693cbf318a358e", "runner": 1}}, {"model": "waves.runnerparam", "pk": 399, "fields": {"name": "port", "default": "8080", "runner": 1}}, {"model": "waves.runnerparam", "pk": 400, "fields": {"name": "host", "default": "http://127.0.0.1", "runner": 8}}, {"model": "waves.runnerparam", "pk": 401, "fields": {"name": "remote_tool_id", "default": null, "runner": 8}}, {"model": "waves.runnerparam", "pk": 402, "fields": {"name": "library_dir", "default": "", "runner": 8}}, {"model": "waves.runnerparam", "pk": 403, "fields": {"name": "app_key", "default": "806dcbdca2b8bb34f2693cbf318a358e", "runner": 8}}, {"model": "waves.runnerparam", "pk": 404, "fields": {"name": "port", "default": "8080", "runner": 8}}, {"model": "waves.runnerparam", "pk": 413, "fields": {"name": "command", "default": null, "runner": 10}}, {"model": "waves.runnerparam", "pk": 414, "fields": {"name": "queue", "default": "mainqueue", "runner": 7}}, {"model": "waves.runnerparam", "pk": 415, "fields": {"name": "command", "default": null, "runner": 7}}, {"model": "waves.servicerunnerparam", "pk": 255, "fields": {"service": 33, "param": 414, "value": "mainqueue"}}, {"model": "waves.servicerunnerparam", "pk": 256, "fields": {"service": 33, "param": 415, "value": "fastme"}}, {"model": "waves.servicerunnerparam", "pk": 257, "fields": {"service": 37, "param": 414, "value": "mainqueue"}}, {"model": "waves.servicerunnerparam", "pk": 258, "fields": {"service": 37, "param": 415, "value": "phyml"}}, {"model": "waves.servicerunnerparam", "pk": 265, "fields": {"service": 35, "param": 414, "value": "mainqueue"}}, {"model": "waves.servicerunnerparam", "pk": 266, "fields": {"service": 35, "param": 415, "value": "physic_ist"}}, {"model": "waves.servicecategory", "pk": 1, "fields": {"order": 0, "description": "<p>This is long description</p>", "short_description": "This is short description", "name": "Supertrees", "ref": "", "api_name": "supertrees", "parent": 2, "lft": 2, "rght": 3, "tree_id": 1, "level": 1}}, {"model": "waves.servicecategory", "pk": 2, "fields": {"order": 0, "description": "<p>This is full htlml description</p>", "short_description": "This is short description", "name": "Phylogenetics", "ref": "", "api_name": "phylogenetics", "parent": null, "lft": 1, "rght": 6, "tree_id": 1, "level": 0}}, {"model": "waves.servicecategory", "pk": 3, "fields": {"order": 0, "description": "<p>This is not long</p>", "short_description": "This is short", "name": "Sequences tools", "ref": "", "api_name": "sequences_tools", "parent": null, "lft": 1, "rght": 4, "tree_id": 2, "level": 0}}, {"model": "waves.servicecategory", "pk": 4, "fields": {"order": 0, "description": "<p>Sequence long</p>", "short_description": "Sequence short", "name": "Sequences alignement", "ref": "", "api_name": "sequences_alignement", "parent": 3, "lft": 2, "rght": 3, "tree_id": 2, "level": 1}}, {"model": "waves.servicecategory", "pk": 5, "fields": {"order": 0, "description": "<p>Reconciliations long text</p>", "short_description": "Reconciliations", "name": "Trees Reconciliation", "ref": "", "api_name": "trees_reconciliation", "parent": 2, "lft": 4, "rght": 5, "tree_id": 1, "level": 1}}, {"model": "waves.service", "pk": 33, "fields": {"created": "2016-06-08T15:00:34.958Z", "updated": "2016-07-21T15:27:37.949Z", "description": "<p><span style=\"font-family: Verdana, Arial, Helvetica, FreeSans, sans-serif; font-size: 12px; text-align: justify;\">FastME provides distance algorithms to infer phylogenies. FastME is based on balanced minimum evolution, which is the very principle of NJ. FastME improves over NJ by performing topological moves using fast, sophisticated algorithms. The first version of FastME only included Nearest Neighbor Interchange (NNI). The new 2.0 version also includes Subtree Pruning and Regrafting (SPR), while remaining as fast as NJ and providing a number of facilities: distance estimation for DNA and proteins with various models and options, bootstrapping, and parallel computations.</span></p>", "short_description": "FastME provides distance algorithms to infer phylogenies. FastME is based on balanced minimum evolution, which is the very principle of NJ.", "name": "FastME", "api_name": "fast_me_2_1", "version": "2.1.4", "run_on_version": null, "run_on": 7, "clazz": "", "category": 2, "status": 3, "api_on": true, "email_on": true, "partial": false, "restricted_client": []}}, {"model": "waves.service", "pk": 35, "fields": {"created": "2016-06-20T10:38:08.994Z", "updated": "2016-07-26T08:49:25.523Z", "description": "", "short_description": "", "name": "Physic_IST", "api_name": "physic_ist", "version": "1.0", "run_on_version": null, "run_on": 7, "clazz": "", "category": 1, "status": 3, "api_on": true, "email_on": true, "partial": false, "restricted_client": []}}, {"model": "waves.service", "pk": 37, "fields": {"created": "2016-07-15T12:49:33.387Z", "updated": "2016-07-26T12:18:06.677Z", "description": "<p><span style=\"font-family: Verdana, Arial, Helvetica, FreeSans, sans-serif; font-size: 12px; text-align: justify;\">PhyML is a phylogeny software based on the maximum-likelihood principle. Early PhyML versions used a fast algorithm to perform Nearest Neighbor Interchanges (NNIs), in order to improve a reasonable starting tree topology. Since the original publication (</span><a style=\"text-decoration: none; color: #006699; font-weight: bold; font-family: Verdana, Arial, Helvetica, FreeSans, sans-serif; font-size: 12px; text-align: justify;\" href=\"http://www.atgc-montpellier.fr/phyml/paper.php\">Guindon and Gascuel 2003</a><span style=\"font-family: Verdana, Arial, Helvetica, FreeSans, sans-serif; font-size: 12px; text-align: justify;\">), PhyML has been widely used (&gt;1,250 citations in ISI Web of Science), due to its simplicity and a fair accuracy/speed compromise. In the mean time research around PhyML has continued. We designed an efficient algorithm to search the tree space using Subtree Pruning and Regrafting (SPR) topological moves (</span><a style=\"text-decoration: none; color: #006699; font-weight: bold; font-family: Verdana, Arial, Helvetica, FreeSans, sans-serif; font-size: 12px; text-align: justify;\" href=\"http://www.atgc-montpellier.fr/phyml/paper.php\">Hordijk and Gascuel 2005</a><span style=\"font-family: Verdana, Arial, Helvetica, FreeSans, sans-serif; font-size: 12px; text-align: justify;\">), and proposed a fast branch test based on an approximate likelihood ratio test (</span><a style=\"text-decoration: none; color: #006699; font-weight: bold; font-family: Verdana, Arial, Helvetica, FreeSans, sans-serif; font-size: 12px; text-align: justify;\" href=\"http://www.atgc-montpellier.fr/phyml/paper.php\">Anisimova and Gascuel 2006</a><span style=\"font-family: Verdana, Arial, Helvetica, FreeSans, sans-serif; font-size: 12px; text-align: justify;\">). However, these novelties were not included in the official version of PhyML, and we found that improvements were still needed in order to make them effective in some practical cases. PhyML 3.0 achieves this task. It implements new algorithms to search the space of tree topologies with user-defined intensity. A non-parametric, Shimodaira-Hasegawa-like branch test is also available. The program provides a number of new evolutionary models and its interface was entirely re-designed. We tested PhyML 3.0 on a large collection of real data sets to ensure that the new version is stable, ready-to-use and still reasonably fast and accurate.</span></p>", "short_description": "PhyML is a phylogeny software based on the maximum-likelihood principle.", "name": "PhyML", "api_name": "phy_ml_1_0", "version": "1.0", "run_on_version": null, "run_on": 7, "clazz": "", "category": 2, "status": 3, "api_on": true, "email_on": true, "partial": false, "restricted_client": []}}, {"model": "waves.baseinput", "pk": 388, "fields": {"polymorphic_ctype": ["waves", "relatedinput"], "created": "2016-05-26T14:29:33.898Z", "updated": "2016-07-15T11:44:27.063Z", "order": 17, "description": "FastME implements a wide range of substitution models for DNA : p-distance, RY symmetric, RY, JC69, K2P, F81, F84, TN93, LogDet. F84 is the default option and is recommended in most cases.", "short_description": null, "label": "Evolutionary model", "name": "dna", "default": "4", "type": "select", "param_type": 1, "format": "F84|4\r\nRY|R\r\nF81|1\r\nJC69|J\r\nK2P|K\r\nTN93|T\r\np-distance|p\r\nLogDet|L", "mandatory": false, "multiple": false, "editable": true, "display": "select", "service": 33}}, {"model": "waves.baseinput", "pk": 389, "fields": {"polymorphic_ctype": ["waves", "relatedinput"], "created": "2016-05-26T14:29:33.900Z", "updated": "2016-07-19T13:27:00.049Z", "order": 18, "description": "FastME implements a wide range of substitution models for proteins : p-distance, F81-like, LG, WAG, JTT, Dayhoff, DCMut, CpREV, MtREV, RtREV, HIVb, HIVw and FLU. LG is the default option and is recommended in most cases.", "short_description": null, "label": "Evolutionary model", "name": "protein", "default": "L", "type": "select", "param_type": 1, "format": "LG|L\r\nWAG|W\r\nJTT|J\r\nDay off|h\r\nCpRev|C\r\nDCMut|D\r\nHIVb|b\r\nHIVw|I\r\nMtREV|M\r\nRtREV|R\r\np-distance|p", "mandatory": false, "multiple": false, "editable": true, "display": "select", "service": 33}}, {"model": "waves.baseinput", "pk": 479, "fields": {"polymorphic_ctype": ["waves", "serviceinput"], "created": "2016-06-08T15:00:35.046Z", "updated": "2016-07-19T07:12:47.034Z", "order": 0, "description": "The input data file contains sequence alignment(s) or a distance matrix(ces).", "short_description": null, "label": "Input data file", "name": "input_data", "default": "", "type": "file", "param_type": 1, "format": "Phylip|.phy\r\nMatrix|.mat", "mandatory": true, "multiple": false, "editable": true, "display": "select", "service": 33}}, {"model": "waves.baseinput", "pk": 480, "fields": {"polymorphic_ctype": ["waves", "serviceinput"], "created": "2016-06-08T15:00:35.052Z", "updated": "2016-07-19T14:33:32.543Z", "order": 4, "description": "FastME will write the infered tree into the output tree file.", "short_description": null, "label": "Output tree", "name": "output_tree", "default": "output_tree.txt", "type": "text", "param_type": 1, "format": "", "mandatory": true, "multiple": false, "editable": false, "display": "select", "service": 33}}, {"model": "waves.baseinput", "pk": 481, "fields": {"polymorphic_ctype": ["waves", "serviceinput"], "created": "2016-06-08T15:00:35.059Z", "updated": "2016-07-19T13:29:20.709Z", "order": 1, "description": "Type of data in the input file. It can be either DNA or amino-acid MSA in PHYLIP format, or a distance matrix in PHYLIP format. If the input data type is a MSA, the menu will update to display evolutionary model options required to compute a distance matrix.", "short_description": null, "label": "Data type", "name": "typeChoice", "default": "d", "type": "select", "param_type": 0, "format": "DNA|d\r\nProtein|p\r\nMatrix|m", "mandatory": true, "multiple": false, "editable": true, "display": null, "service": 33}}, {"model": "waves.baseinput", "pk": 482, "fields": {"polymorphic_ctype": ["waves", "serviceinput"], "created": "2016-06-08T15:00:35.084Z", "updated": "2016-07-19T14:33:32.610Z", "order": 9, "description": "By default, frequencies are globally counted from the nucleotides alignment or defined by the proteic substitution model. By checking the box, frequencies are pairwise estimated by counting the nucleotides or estimated by counting the amino-acids in the alignment.", "short_description": null, "label": "Equilibrium frequencies", "name": "equilibrium", "default": "False", "type": "boolean", "param_type": 5, "format": "", "mandatory": false, "multiple": false, "editable": true, "display": "select", "service": 33}}, {"model": "waves.baseinput", "pk": 483, "fields": {"polymorphic_ctype": ["waves", "serviceinput"], "created": "2016-06-08T15:00:35.092Z", "updated": "2016-07-19T14:33:32.624Z", "order": 10, "description": "Rates of evolution often vary from site to site. This heterogeneity is modelled using a gamma distribution.", "short_description": null, "label": "Gamma distributed rates across sites", "name": "gamma", "default": "1.0", "type": "float", "param_type": 1, "format": "", "mandatory": true, "multiple": false, "editable": true, "display": "select", "service": 33}}, {"model": "waves.baseinput", "pk": 484, "fields": {"polymorphic_ctype": ["waves", "serviceinput"], "created": "2016-06-08T15:00:35.106Z", "updated": "2016-07-19T14:33:32.596Z", "order": 8, "description": "Use this option to completely remove any site which has a gap in any sequence. By default, FastME is doing pairwise deletion of gaps.", "short_description": null, "label": "Remove gap strategy", "name": "remove_gap", "default": "False", "type": "boolean", "param_type": 5, "format": "", "mandatory": false, "multiple": false, "editable": true, "display": "select", "service": 33}}, {"model": "waves.baseinput", "pk": 485, "fields": {"polymorphic_ctype": ["waves", "serviceinput"], "created": "2016-06-08T15:00:35.111Z", "updated": "2016-07-19T14:33:32.637Z", "order": 2, "description": "", "short_description": null, "label": "Distance algorithm", "name": "method", "default": "I", "type": "select", "param_type": 1, "format": "BIONJ|I\r\nTaxAdd BalME|B\r\nTaxAdd OLSME|O\r\nNJ|N\r\nUNJ|U", "mandatory": true, "multiple": false, "editable": true, "display": "select", "service": 33}}, {"model": "waves.baseinput", "pk": 486, "fields": {"polymorphic_ctype": ["waves", "serviceinput"], "created": "2016-06-08T15:00:35.117Z", "updated": "2016-07-19T14:37:28.592Z", "order": 11, "description": "Use this option to do [NNI] tree topology improvement. <br/>\r\nYou may choose the [NNI] type from: NNI_BalME or NNI_OLS", "short_description": null, "label": "Topology improvment", "name": "nni", "default": "B", "type": "select", "param_type": 1, "format": "BalME NNI|B\r\nOLS NNI|O", "mandatory": false, "multiple": false, "editable": true, "display": "radio", "service": 33}}, {"model": "waves.baseinput", "pk": 487, "fields": {"polymorphic_ctype": ["waves", "serviceinput"], "created": "2016-06-08T15:00:35.125Z", "updated": "2016-07-15T12:40:21.251Z", "order": 13, "description": "", "short_description": null, "label": "Bootstrap", "name": "use_bootstrap", "default": "", "type": "boolean", "param_type": 0, "format": "", "mandatory": false, "multiple": false, "editable": true, "display": "select", "service": 33}}, {"model": "waves.baseinput", "pk": 488, "fields": {"polymorphic_ctype": ["waves", "serviceinput"], "created": "2016-06-08T15:41:49.834Z", "updated": "2016-07-15T12:38:14.481Z", "order": 12, "description": "Use this option to do SPR tree topology improvement", "short_description": null, "label": "SPR Pruning", "name": "spr", "default": "False", "type": "boolean", "param_type": 5, "format": "", "mandatory": false, "multiple": false, "editable": true, "display": "select", "service": 33}}, {"model": "waves.baseinput", "pk": 519, "fields": {"polymorphic_ctype": ["waves", "relatedinput"], "created": "2016-06-17T13:10:00.196Z", "updated": "2016-07-18T09:33:08.160Z", "order": 0, "description": "", "short_description": null, "label": "Bootstrap count", "name": "bootstrap", "default": "1000", "type": "number", "param_type": 1, "format": "", "mandatory": false, "multiple": false, "editable": true, "display": "select", "service": 33}}, {"model": "waves.baseinput", "pk": 520, "fields": {"polymorphic_ctype": ["waves", "serviceinput"], "created": "2016-06-21T09:39:15.650Z", "updated": "2016-07-19T07:11:51.184Z", "order": 0, "description": "The source trees have to be contained in a text file (e.g., named \"sourceTreeFile\") with trees written in the Newick format.", "short_description": null, "label": "Source Tree File", "name": "s", "default": "", "type": "file", "param_type": 2, "format": "", "mandatory": true, "multiple": false, "editable": true, "display": "select", "service": 35}}, {"model": "waves.baseinput", "pk": 521, "fields": {"polymorphic_ctype": ["waves", "serviceinput"], "created": "2016-06-21T09:39:15.665Z", "updated": "2016-07-15T12:45:49.163Z", "order": 2, "description": "The user has the possibility to input a starting backbone tree in which missing taxa of the source trees are inserted. The file myTreeFile contains the backbone tree proposed by the user. This backbone tree is possibly simplified if not\r\nsatisfying the PC property.", "short_description": null, "label": "Backbone Tree File", "name": "t", "default": "", "type": "file", "param_type": 2, "format": "", "mandatory": false, "multiple": false, "editable": true, "display": "select", "service": 35}}, {"model": "waves.baseinput", "pk": 522, "fields": {"polymorphic_ctype": ["waves", "serviceinput"], "created": "2016-06-21T09:39:15.668Z", "updated": "2016-07-22T14:20:31.755Z", "order": 3, "description": "The boostrap_threshold is an unbounded positive number.\r\nBefore running the actual algorithm, PhySIC_IST collapses the branches with a bootstrap value smaller than the indicated boostrap_threshold (if your bootstrap values are numbers between A and B, I suggest to set your treshold value in this range!). \r\nBranches of the source trees without bootstrap value are not collapsed.", "short_description": null, "label": "Use bootstrap threshold ?", "name": "boostrap_select", "default": "False", "type": "boolean", "param_type": 0, "format": "", "mandatory": false, "multiple": false, "editable": true, "display": "select", "service": 35}}, {"model": "waves.baseinput", "pk": 523, "fields": {"polymorphic_ctype": ["waves", "serviceinput"], "created": "2016-06-21T09:39:15.671Z", "updated": "2016-07-22T14:20:31.768Z", "order": 4, "description": "The correction_threshold is the threshold used by the STC (Source Tree Correction) preprocess, aiming to detect anomalies in the source trees (e.g., resulting from paralogy, HGT events or long branch attraction). \r\nThe STC preprocess detects incongruences in the source trees on the basis of triplets of taxa present in the source trees. When conflicting resolutions are observed among source trees for the same three taxa, STC drops the resolutions that are statistically less supported. This is achieved by a Chi-Square test comparing the frequencies with which the conflicting resolutions respectively\r\nappear. The correction_threshold is a real value between 0 and 1. The higher it is, the smaller the difference between frequencies of conflicting resolutions has to be in order for STC to drop the least frequent alternatives. In other words, setting correction_threshold to 1 impedes STC to drop any input triplet, while setting it to 0 implies dropping any contradicted triplet that is less\r\nfrequent that another triplet contradicting it. In the former case, PhySIC_IST behaves as a pure veto method, while in the latter case it mimics a voting (i.e., liberal) supertree method.", "short_description": null, "label": "Use correction threshold ?", "name": "correction_threshold", "default": "False", "type": "boolean", "param_type": 0, "format": "", "mandatory": false, "multiple": false, "editable": true, "display": "select", "service": 35}}, {"model": "waves.baseinput", "pk": 524, "fields": {"polymorphic_ctype": ["waves", "serviceinput"], "created": "2016-06-21T09:39:15.674Z", "updated": "2016-07-15T12:46:04.739Z", "order": 5, "description": "newForestFile is the name of the file where the method outputs the modified source trees.  \r\nThis option is relevant only with -b and -c options.", "short_description": null, "label": "New Forest File", "name": "f", "default": "newForest.txt", "type": "text", "param_type": 2, "format": "", "mandatory": false, "multiple": false, "editable": true, "display": "select", "service": 35}}, {"model": "waves.baseinput", "pk": 525, "fields": {"polymorphic_ctype": ["waves", "serviceinput"], "created": "2016-06-21T09:39:15.677Z", "updated": "2016-07-15T12:45:49.212Z", "order": 6, "description": "When PhySIC_IST is provided  with unrooted source trees, it first has to root them. To that purpose, the software incorporates a rooting tool that automates the procedure. This tool accepts as input different outgroup levels, specified\r\nin the file named outgroup_File. Each level is a list of comma-separated taxa. \r\nEach level of outgroup must be divided from the next one by a line break. \r\n\r\nThe rooting procedure considers each unrooted source tree separately. For a given source tree T, it determines the first level of outgroup that contains one or more taxa of T. Then the tree is rooted on the branch leading to the smallest\r\nsubtree hosting all outgroup taxa of this level present in the tree. In other words, unrooted source trees are rooted on the branch leading to the outgroup that is the farthest from the ingroup. If the proposed outgroup is not monophyletic, the tree T is discarded from the analysis. This procedure does not alter the resolution inside the ingroup nor in the different outgroup levels that can be present in the tree.", "short_description": null, "label": "Outgroup File", "name": "r", "default": "", "type": "file", "param_type": 2, "format": "", "mandatory": false, "multiple": false, "editable": true, "display": "select", "service": 35}}, {"model": "waves.baseinput", "pk": 526, "fields": {"polymorphic_ctype": ["waves", "relatedinput"], "created": "2016-06-21T09:39:15.681Z", "updated": "2016-07-22T14:20:31.804Z", "order": 0, "description": "", "short_description": null, "label": "Bootstrap Threshold", "name": "b", "default": "100", "type": "number", "param_type": 2, "format": "", "mandatory": false, "multiple": false, "editable": true, "display": "select", "service": 35}}, {"model": "waves.baseinput", "pk": 527, "fields": {"polymorphic_ctype": ["waves", "relatedinput"], "created": "2016-06-21T09:39:15.690Z", "updated": "2016-07-22T14:20:31.821Z", "order": 0, "description": "", "short_description": null, "label": "Correction threshold", "name": "c", "default": "0", "type": "float", "param_type": 2, "format": "0|1", "mandatory": false, "multiple": false, "editable": true, "display": "select", "service": 35}}, {"model": "waves.baseinput", "pk": 562, "fields": {"polymorphic_ctype": ["waves", "serviceinput"], "created": "2016-07-15T11:36:43.425Z", "updated": "2016-07-19T14:33:32.530Z", "order": 3, "description": "FastME may use an existing topology available in the input user tree file which corresponds to the input dataset.", "short_description": null, "label": "Existing topology", "name": "user_tree", "default": "", "type": "file", "param_type": 1, "format": "", "mandatory": false, "multiple": false, "editable": true, "display": "select", "service": 33}}, {"model": "waves.baseinput", "pk": 563, "fields": {"polymorphic_ctype": ["waves", "serviceinput"], "created": "2016-07-15T11:39:46.197Z", "updated": "2016-07-19T14:33:32.570Z", "order": 6, "description": "Use this option if you want FastME to write information about its execution in the output information file.", "short_description": null, "label": "Output information file", "name": "output_info", "default": "output_info.txt", "type": "text", "param_type": 1, "format": "", "mandatory": true, "multiple": false, "editable": false, "display": "select", "service": 33}}, {"model": "waves.baseinput", "pk": 564, "fields": {"polymorphic_ctype": ["waves", "serviceinput"], "created": "2016-07-15T12:30:40.070Z", "updated": "2016-07-19T14:33:32.557Z", "order": 5, "description": "Use this option if you want FastME to write the distances matrix computed from the input alignment in the output matrix file.", "short_description": null, "label": "Output matrix file", "name": "output_matrix", "default": "output_matrix.mat", "type": "text", "param_type": 1, "format": "", "mandatory": true, "multiple": false, "editable": false, "display": "select", "service": 33}}, {"model": "waves.baseinput", "pk": 565, "fields": {"polymorphic_ctype": ["waves", "serviceinput"], "created": "2016-07-15T12:31:40.617Z", "updated": "2016-07-19T14:33:32.584Z", "order": 7, "description": "Use this option if you want FastME to write bootstrap trees in the bootstrap trees file.", "short_description": null, "label": "Output bootstrap tree", "name": "output_boot", "default": "output_bootstrap.txt", "type": "text", "param_type": 4, "format": "", "mandatory": true, "multiple": false, "editable": false, "display": "select", "service": 33}}, {"model": "waves.baseinput", "pk": 566, "fields": {"polymorphic_ctype": ["waves", "serviceinput"], "created": "2016-07-15T12:45:49.216Z", "updated": "2016-07-15T12:45:49.216Z", "order": 1, "description": "This is the file which contains the PhySIC_IST supertree", "short_description": null, "label": "Output file name", "name": "o", "default": "physic_ist_tree.txt", "type": "text", "param_type": 2, "format": "", "mandatory": false, "multiple": false, "editable": true, "display": "select", "service": 35}}, {"model": "waves.baseinput", "pk": 567, "fields": {"polymorphic_ctype": ["waves", "serviceinput"], "created": "2016-07-15T13:23:43.920Z", "updated": "2016-07-15T13:23:43.920Z", "order": 0, "description": "The nucleotide or amino-acid sequence file in PHYLIP format", "short_description": null, "label": "Sequences", "name": "input", "default": "", "type": "file", "param_type": 1, "format": ".phy\r\n.txt", "mandatory": true, "multiple": false, "editable": true, "display": "select", "service": 37}}, {"model": "waves.baseinput", "pk": 568, "fields": {"polymorphic_ctype": ["waves", "serviceinput"], "created": "2016-07-15T13:23:43.923Z", "updated": "2016-07-15T13:29:41.072Z", "order": 1, "description": "", "short_description": null, "label": "Data type", "name": "datatype", "default": "nt", "type": "select", "param_type": 1, "format": "Nucleotides|nt\r\nAmino-Acid|aa", "mandatory": false, "multiple": false, "editable": true, "display": "radio", "service": 37}}, {"model": "waves.baseinput", "pk": 569, "fields": {"polymorphic_ctype": ["waves", "serviceinput"], "created": "2016-07-15T13:23:43.926Z", "updated": "2016-07-26T12:18:06.720Z", "order": 2, "description": "Changes interleaved format (default) to sequential format.", "short_description": null, "label": "Sequential format", "name": "sequential", "default": "False", "type": "boolean", "param_type": 5, "format": "Sequential", "mandatory": false, "multiple": false, "editable": true, "display": "checkbox", "service": 37}}, {"model": "waves.baseinput", "pk": 570, "fields": {"polymorphic_ctype": ["waves", "serviceinput"], "created": "2016-07-15T13:29:41.090Z", "updated": "2016-07-15T13:29:41.090Z", "order": 3, "description": "An integer corresponding to the number of data sets to analyse", "short_description": null, "label": "Number of datasets", "name": "multiple", "default": "1", "type": "number", "param_type": 1, "format": "", "mandatory": false, "multiple": false, "editable": true, "display": "select", "service": 37}}, {"model": "waves.baseinput", "pk": 571, "fields": {"polymorphic_ctype": ["waves", "serviceinput"], "created": "2016-07-15T13:29:41.093Z", "updated": "2016-07-15T13:29:41.093Z", "order": 4, "description": "Use a minimum parsimony starting tree. This option is taken into account when No user tree is provided and when tree topology modifications are to be done", "short_description": null, "label": "Minimum parsimony starting tree", "name": "pars", "default": "", "type": "boolean", "param_type": 5, "format": "", "mandatory": false, "multiple": false, "editable": true, "display": "select", "service": 37}}, {"model": "waves.baseinput", "pk": 572, "fields": {"polymorphic_ctype": ["waves", "serviceinput"], "created": "2016-07-15T13:29:41.096Z", "updated": "2016-07-15T14:04:51.613Z", "order": 5, "description": "int >  0: int is the number of bootstrap replicates.<br/>\r\nint =  0: neither approximate likelihood ratio test nor bootstrap values are computed.<br/>\r\nint = -1: approximate likelihood ratio test returning aLRT statistics.<br/>\r\nint = -2: approximate likelihood ratio test returning Chi2-based parametric branch supports.<br/>\r\nint = -4: (default) SH-like branch supports alone.<br/>\r\nint = -5: approximate Bayes branch supports.<br/>", "short_description": null, "label": "Bootstrap", "name": "bootstrap", "default": "-4", "type": "number", "param_type": 5, "format": "-5|", "mandatory": false, "multiple": false, "editable": true, "display": "select", "service": 37}}, {"model": "waves.baseinput", "pk": 573, "fields": {"polymorphic_ctype": ["waves", "serviceinput"], "created": "2016-07-15T13:29:41.099Z", "updated": "2016-07-15T14:02:41.897Z", "order": 6, "description": "model : substitution model name.\r\n- Nucleotide-based models : HKY85 (default) | JC69 | K80 | F81 | F84 | TN93 | GTR\r\n- Amino-acid based models : LG (default) | WAG | JTT | MtREV | Dayhoff | DCMut | RtREV | CpREV | VT | Blosum62 | MtMam | MtArt | HIVw |  HIVb | custom", "short_description": null, "label": "Substitution model", "name": "model", "default": "dna", "type": "select", "param_type": 0, "format": "DNA|dna\r\nAmino Acid|aa", "mandatory": false, "multiple": false, "editable": true, "display": "select", "service": 37}}, {"model": "waves.baseinput", "pk": 574, "fields": {"polymorphic_ctype": ["waves", "relatedinput"], "created": "2016-07-15T13:35:09.544Z", "updated": "2016-07-15T14:02:42.038Z", "order": 0, "description": "", "short_description": null, "label": "Nucleotide-based models", "name": "model_dna", "default": "HKY85", "type": "select", "param_type": 0, "format": "HKY85|HKY85\r\nJC69|JC69\r\nK80|K80\r\nF81|F81\r\nF84|F84\r\nTN93|TN93\r\nGTR|GTR", "mandatory": false, "multiple": false, "editable": true, "display": "select", "service": 37}}, {"model": "waves.baseinput", "pk": 575, "fields": {"polymorphic_ctype": ["waves", "relatedinput"], "created": "2016-07-15T13:35:09.554Z", "updated": "2016-07-15T14:05:29.379Z", "order": 0, "description": "", "short_description": null, "label": "Amino-acid based model", "name": "model_aa", "default": "LG", "type": "select", "param_type": 0, "format": "LG|LG\r\nWAG|WAG\r\nJTT|JTT\r\nMtREV|MtREV\r\nDayhoff|Dayhoff\r\nDCMut|DcMut\r\nRtREV|RtREV\r\nCpREV|CpREV\r\nVT|VT\r\n\t\t Blosum62 | MtMam | MtArt | HIVw |  HIVb |", "mandatory": false, "multiple": false, "editable": true, "display": "select", "service": 37}}, {"model": "waves.baseinput", "pk": 576, "fields": {"polymorphic_ctype": ["waves", "serviceinput"], "created": "2016-07-15T13:42:04.159Z", "updated": "2016-07-15T14:03:18.244Z", "order": 7, "description": "e : the character frequencies are determined as follows : \r\n\t- Nucleotide sequences: (Empirical) the equilibrium base frequencies are estimated by counting the occurence of the different bases in the alignment.\r\n\t- Amino-acid sequences: (Empirical) the equilibrium amino-acid frequencies are estimated by counting the occurence of the different amino-acids in the alignment.\r\nm : the character frequencies are determined as follows : \r\n\t- Nucleotide sequences: (ML) the equilibrium base frequencies are estimated using maximum likelihood \r\n\t- Amino-acid sequences: (Model) the equilibrium amino-acid frequencies are estimated using the frequencies defined by the substitution model.\r\n\r\n\"fA,fC,fG,fT\" : only valid for nucleotide-based models. fA, fC, fG and fT are floating numbers that correspond to the frequencies of A, C, G and T respectively (WARNING: do not use any blank space between your values of nucleotide frequencies, only commas!)", "short_description": null, "label": "Character frequencies", "name": "f", "default": "e", "type": "select", "param_type": 2, "format": "Empirical|e\r\nEquilibrium|m\r\nCustom|custom", "mandatory": false, "multiple": false, "editable": true, "display": "select", "service": 37}}, {"model": "waves.baseinput", "pk": 577, "fields": {"polymorphic_ctype": ["waves", "relatedinput"], "created": "2016-07-15T13:42:04.188Z", "updated": "2016-07-15T14:03:18.396Z", "order": 0, "description": "fA, fC, fG and fT are floating numbers that correspond to the frequencies of A, C, G and T respectively (WARNING: do not use any blank space between your values of nucleotide frequencies, only commas!)", "short_description": null, "label": "Custom frequencies", "name": "f_custom", "default": "", "type": "text", "param_type": 0, "format": "", "mandatory": false, "multiple": false, "editable": true, "display": "select", "service": 37}}, {"model": "waves.baseinput", "pk": 578, "fields": {"polymorphic_ctype": ["waves", "serviceinput"], "created": "2016-07-15T13:44:15.826Z", "updated": "2016-07-18T12:10:57.357Z", "order": 8, "description": "Transition/transversion ratio. DNA sequences only.\r\nCan be a fixed positive value (ex:4.0) or e to get the maximum likelihood estimate.", "short_description": null, "label": "Transversion ratio", "name": "ts/tv", "default": "e", "type": "text", "param_type": 1, "format": "", "mandatory": false, "multiple": false, "editable": true, "display": "select", "service": 37}}, {"model": "waves.baseinput", "pk": 579, "fields": {"polymorphic_ctype": ["waves", "serviceinput"], "created": "2016-07-15T13:44:15.829Z", "updated": "2016-07-18T12:10:57.370Z", "order": 9, "description": "", "short_description": null, "label": "Proportion of invariable sites", "name": "pinv", "default": "e", "type": "text", "param_type": 1, "format": "", "mandatory": false, "multiple": false, "editable": true, "display": "select", "service": 37}}, {"model": "waves.baseinput", "pk": 580, "fields": {"polymorphic_ctype": ["waves", "serviceinput"], "created": "2016-07-15T13:47:23.856Z", "updated": "2016-07-26T11:53:52.588Z", "order": 10, "description": "Number of relative substitution rate categories. Default : nb_subst_cat=4.", "short_description": null, "label": "Number of relative substitution", "name": "nclasses", "default": "4", "type": "number", "param_type": 1, "format": "0|", "mandatory": false, "multiple": false, "editable": true, "display": "select", "service": 37}}, {"model": "waves.baseinput", "pk": 581, "fields": {"polymorphic_ctype": ["waves", "serviceinput"], "created": "2016-07-15T13:47:23.859Z", "updated": "2016-07-18T12:10:57.393Z", "order": 11, "description": "Distribution of the gamma distribution shape parameter.\r\nCan be a fixed positive value or e to get the maximum likelihood estimate.", "short_description": null, "label": "Gamma distribution", "name": "alpha", "default": "e", "type": "text", "param_type": 1, "format": "", "mandatory": false, "multiple": false, "editable": true, "display": "select", "service": 37}}, {"model": "waves.baseinput", "pk": 582, "fields": {"polymorphic_ctype": ["waves", "serviceinput"], "created": "2016-07-15T13:47:23.863Z", "updated": "2016-07-15T13:47:23.863Z", "order": 12, "description": "Tree topology search operation option", "short_description": null, "label": "Tree topology search", "name": "search", "default": "NNI", "type": "select", "param_type": 1, "format": "NNI|NNI\r\nSPR|SPR\r\nBest of NNI and SPR|BEST", "mandatory": false, "multiple": false, "editable": true, "display": "select", "service": 37}}, {"model": "waves.baseinput", "pk": 583, "fields": {"polymorphic_ctype": ["waves", "serviceinput"], "created": "2016-07-15T13:50:26.114Z", "updated": "2016-07-15T13:50:26.114Z", "order": 13, "description": "Starting tree. The tree must be in Newick format.", "short_description": null, "label": "Starting tree", "name": "inputtree", "default": "", "type": "file", "param_type": 1, "format": ".nwk\r\n.txt", "mandatory": false, "multiple": false, "editable": true, "display": "select", "service": 37}}, {"model": "waves.baseinput", "pk": 584, "fields": {"polymorphic_ctype": ["waves", "serviceinput"], "created": "2016-07-15T13:50:26.118Z", "updated": "2016-07-15T13:50:26.118Z", "order": 14, "description": "This option focuses on specific parameter optimisation", "short_description": null, "label": "Parameter optimization", "name": "o", "default": "n", "type": "select", "param_type": 2, "format": "Topology, branch length, rate|tlr\r\nTopology, branch length|tl\r\nBranch length, rate|lr\r\nBranch length|l\r\nRate|r\r\nNone|n", "mandatory": false, "multiple": false, "editable": true, "display": "select", "service": 37}}, {"model": "waves.baseinput", "pk": 585, "fields": {"polymorphic_ctype": ["waves", "serviceinput"], "created": "2016-07-15T13:51:14.443Z", "updated": "2016-07-15T13:51:14.443Z", "order": 15, "description": "This option sets the initial tree to random.\r\nIt is only valid if SPR searches are to be performed.", "short_description": null, "label": "Initial tree to random", "name": "rand_start", "default": "", "type": "boolean", "param_type": 5, "format": "", "mandatory": false, "multiple": false, "editable": true, "display": "select", "service": 37}}, {"model": "waves.baseinput", "pk": 586, "fields": {"polymorphic_ctype": ["waves", "relatedinput"], "created": "2016-07-15T13:52:18.992Z", "updated": "2016-07-18T12:10:57.525Z", "order": 0, "description": "The number of initial random trees to be used.\r\nIt is only valid if SPR searches are to be performed.", "short_description": null, "label": "Number of initial random trees", "name": "n_rand_starts", "default": "1", "type": "number", "param_type": 1, "format": "", "mandatory": false, "multiple": false, "editable": true, "display": "select", "service": 37}}, {"model": "waves.baseinput", "pk": 587, "fields": {"polymorphic_ctype": ["waves", "serviceinput"], "created": "2016-07-15T13:54:58.886Z", "updated": "2016-07-15T14:00:49.156Z", "order": 16, "description": "", "short_description": null, "label": "Seed to initiate", "name": "r_seed", "default": "", "type": "number", "param_type": 1, "format": "0|", "mandatory": false, "multiple": false, "editable": true, "display": "select", "service": 37}}, {"model": "waves.baseinput", "pk": 588, "fields": {"polymorphic_ctype": ["waves", "serviceinput"], "created": "2016-07-15T13:54:58.889Z", "updated": "2016-07-15T13:54:58.889Z", "order": 17, "description": "", "short_description": null, "label": "Likehood log", "name": "print_site_lnl", "default": "True", "type": "boolean", "param_type": 3, "format": "", "mandatory": false, "multiple": false, "editable": false, "display": "select", "service": 37}}, {"model": "waves.baseinput", "pk": 589, "fields": {"polymorphic_ctype": ["waves", "serviceinput"], "created": "2016-07-15T13:54:58.892Z", "updated": "2016-07-15T13:54:58.892Z", "order": 18, "description": "", "short_description": null, "label": "Print trace", "name": "print_trace", "default": "True", "type": "boolean", "param_type": 5, "format": "", "mandatory": false, "multiple": false, "editable": false, "display": "select", "service": 37}}, {"model": "waves.baseinput", "pk": 590, "fields": {"polymorphic_ctype": ["waves", "serviceinput"], "created": "2016-07-15T13:54:58.895Z", "updated": "2016-07-18T12:10:57.475Z", "order": 19, "description": "", "short_description": null, "label": "Quiet Mode", "name": "quiet", "default": "True", "type": "boolean", "param_type": 5, "format": "", "mandatory": false, "multiple": false, "editable": false, "display": "select", "service": 37}}, {"model": "waves.relatedinput", "pk": 388, "fields": {"when_value": "d", "related_to": 481}}, {"model": "waves.relatedinput", "pk": 389, "fields": {"when_value": "p", "related_to": 481}}, {"model": "waves.relatedinput", "pk": 519, "fields": {"when_value": "True", "related_to": 487}}, {"model": "waves.relatedinput", "pk": 526, "fields": {"when_value": "True", "related_to": 522}}, {"model": "waves.relatedinput", "pk": 527, "fields": {"when_value": "True", "related_to": 523}}, {"model": "waves.relatedinput", "pk": 574, "fields": {"when_value": "dna", "related_to": 573}}, {"model": "waves.relatedinput", "pk": 575, "fields": {"when_value": "aa", "related_to": 573}}, {"model": "waves.relatedinput", "pk": 577, "fields": {"when_value": "custom", "related_to": 576}}, {"model": "waves.relatedinput", "pk": 586, "fields": {"when_value": "True", "related_to": 585}}, {"model": "waves.serviceoutput", "pk": 149, "fields": {"created": "2016-06-08T15:00:35.142Z", "updated": "2016-07-15T12:33:04.525Z", "order": 0, "description": "Issued from input 'fileout_label'", "short_description": null, "name": "Infered Tree", "service": 33, "from_input": 480, "ext": "txt", "may_be_empty": true}}, {"model": "waves.serviceoutput", "pk": 150, "fields": {"created": "2016-06-08T15:00:35.145Z", "updated": "2016-07-15T12:33:04.528Z", "order": 1, "description": "FastME Information", "short_description": null, "name": "Execution Information", "service": 33, "from_input": 563, "ext": "txt", "may_be_empty": true}}, {"model": "waves.serviceoutput", "pk": 151, "fields": {"created": "2016-06-08T15:00:35.147Z", "updated": "2016-07-15T12:33:04.531Z", "order": 2, "description": "FastME Bootstrap trees", "short_description": null, "name": "Boostrap trees", "service": 33, "from_input": 565, "ext": "txt", "may_be_empty": true}}, {"model": "waves.serviceoutput", "pk": 152, "fields": {"created": "2016-06-08T15:00:35.150Z", "updated": "2016-07-15T12:33:04.534Z", "order": 3, "description": "FastME Distance matrix", "short_description": null, "name": "Computed Matrix", "service": 33, "from_input": 564, "ext": "txt", "may_be_empty": true}}, {"model": "waves.serviceoutput", "pk": 159, "fields": {"created": "2016-06-21T09:39:15.700Z", "updated": "2016-07-26T08:49:25.666Z", "order": 0, "description": "The supertree inferred by PhySIC_IST is outputted in Newick format in the command-line terminal.", "short_description": "Inferred supertree computed bu Physic_ist", "name": "Inferred supertree", "service": 35, "from_input": 566, "ext": "txt", "may_be_empty": false}}, {"model": "waves.serviceoutput", "pk": 166, "fields": {"created": "2016-07-15T12:47:42.786Z", "updated": "2016-07-15T12:47:42.786Z", "order": 1, "description": "Contains the new source trees after they have been corrected for detected anomalies with respect to other source trees", "short_description": null, "name": "New source trees", "service": 35, "from_input": 524, "ext": "txt", "may_be_empty": true}}, {"model": "waves.servicemeta", "pk": 105, "fields": {"order": 0, "description": "", "short_description": null, "type": "website", "title": "Paper and Supplementary material", "value": "http://www.atgc-montpellier.fr/fastme/paper.php", "is_url": true, "service": 33}}, {"model": "waves.servicemeta", "pk": 106, "fields": {"order": 1, "description": "", "short_description": null, "type": "doc", "title": "User guide", "value": "http://www.atgc-montpellier.fr/fastme/usersguide.php", "is_url": true, "service": 33}}, {"model": "waves.servicemeta", "pk": 107, "fields": {"order": 2, "description": "Archive (.zip) containing :\r\n- 20 input alignments used to compare distance methods (NJ, NJ+OLSME, BioNJ, NJ+NNI, NJ+SPR, NJ+SPR-\u0393, FastTree1)\r\n- 140 inferred trees and corresponding log-likelihoods\r\n- 1 resuming sheet (.xls and .ods)", "short_description": null, "type": "download", "title": "Downloads", "value": "http://www.atgc-montpellier.fr/download/datasets/fastme/FastME-2.0_SupMat.zip", "is_url": true, "service": 33}}, {"model": "waves.servicemeta", "pk": 108, "fields": {"order": 3, "description": "\"New Algorithms and Methods to Estimate Maximum-Likelihood Phylogenies: Assessing the Performance of PhyML 3.0.\"\r\n\r\nGuindon S., Dufayard J.F., Lefort V., Anisimova M., Hordijk W., Gascuel O.\r\nSystematic Biology, 59(3):307-21, 2010.", "short_description": null, "type": "cite", "title": "Please cite", "value": "", "is_url": false, "service": 33}}, {"model": "waves.servicemeta", "pk": 109, "fields": {"order": 4, "description": "fastme  [-i input data file]  [-u input user tree file]\r\n\t[-o output tree file]  [-O output matrix file]  [-I output information file]\r\n\t[-B output bootstrap trees file]  [-a]\r\n\t[-m method]  [ -D[model] | -P[model] ]  [-r]  [-e]  [-g[alpha]]  [-n[NNI]]  [-s]  [-w branch]\r\n\t[-d datasets]  [-b replicates]  [-z seed]\r\n\t[-c]  [-v]  [-V]  [-h]", "short_description": null, "type": "cmd", "title": "Synopsis", "value": "", "is_url": false, "service": 33}}, {"model": "waves.servicemeta", "pk": 113, "fields": {"order": 0, "description": "./PhySIC_IST -s sourceTreeFile -o outTreePath -t myTreeFile -b boostrap_threshold -c correction_threshold -f newForestFile -r outgroupsFile", "short_description": null, "type": "cmd", "title": "Usage", "value": "Command line", "is_url": false, "service": 35}}, {"model": "waves.servicemeta", "pk": 114, "fields": {"order": 1, "description": "\"PhySIC_IST: cleaning source trees to infer more informative supertrees.\"\r\nScornavacca C., Berry V., Lefort V., Douzery E.J.P. and Ranwez V.\r\nBMC Bioinformatics. 2008, Oct 4;9:413", "short_description": null, "type": "cite", "title": "Please cite", "value": "http://mbe.oxfordjournals.org/content/early/2015/06/29/molbev.msv150.abstract?keytype=ref&ijkey=nzj33seASld27Gs", "is_url": true, "service": 35}}, {"model": "waves.servicemeta", "pk": 115, "fields": {"order": 2, "description": "", "short_description": null, "type": "website", "title": "Papers and contact", "value": "http://www.atgc-montpellier.fr/physic_ist/paper.php", "is_url": true, "service": 35}}, {"model": "waves.servicemeta", "pk": 116, "fields": {"order": 3, "description": "", "short_description": null, "type": "download", "title": "Download program", "value": "http://www.atgc-montpellier.fr/physic_ist/binaries.php", "is_url": true, "service": 35}}, {"model": "waves.servicemeta", "pk": 117, "fields": {"order": 0, "description": "User guide", "short_description": null, "type": "doc", "title": null, "value": "http://www.atgc-montpellier.fr/phyml/usersguide.php", "is_url": false, "service": 37}}, {"model": "waves.servicemeta", "pk": 118, "fields": {"order": 1, "description": "PhyML datasets", "short_description": null, "type": "misc", "title": null, "value": "http://www.atgc-montpellier.fr/phyml/datasets.php", "is_url": false, "service": 37}}, {"model": "waves.servicemeta", "pk": 119, "fields": {"order": 2, "description": "Download links", "short_description": null, "type": "download", "title": null, "value": "http://www.atgc-montpellier.fr/phyml/binaries.php", "is_url": false, "service": 37}}, {"model": "waves.servicemeta", "pk": 120, "fields": {"order": 3, "description": "PhyML FAQ", "short_description": null, "type": "misc", "title": null, "value": "http://www.atgc-montpellier.fr/phyml/faq.php", "is_url": false, "service": 37}}, {"model": "waves.servicemeta", "pk": 121, "fields": {"order": 4, "description": "Papers and contact", "short_description": null, "type": "paper", "title": null, "value": "http://www.atgc-montpellier.fr/phyml/paper.php", "is_url": false, "service": 37}}, {"model": "waves.servicemeta", "pk": 122, "fields": {"order": 5, "description": "PhyML versions", "short_description": null, "type": "misc", "title": null, "value": "http://www.atgc-montpellier.fr/phyml/versions.php", "is_url": false, "service": 37}}, {"model": "waves.wavessite", "pk": 1, "fields": {"site": 1, "theme": "flatly"}}]