[{"model": "contenttypes.contenttype", "fields": {"app_label": "contenttypes", "model": "contenttype"}}, {"model": "contenttypes.contenttype", "fields": {"app_label": "auth", "model": "group"}}, {"model": "contenttypes.contenttype", "fields": {"app_label": "auth", "model": "permission"}}, {"model": "contenttypes.contenttype", "fields": {"app_label": "authtools", "model": "user"}}, {"model": "contenttypes.contenttype", "fields": {"app_label": "admin", "model": "logentry"}}, {"model": "contenttypes.contenttype", "fields": {"app_label": "sessions", "model": "session"}}, {"model": "contenttypes.contenttype", "fields": {"app_label": "sites", "model": "site"}}, {"model": "contenttypes.contenttype", "fields": {"app_label": "eav", "model": "attribute"}}, {"model": "contenttypes.contenttype", "fields": {"app_label": "eav", "model": "enumgroup"}}, {"model": "contenttypes.contenttype", "fields": {"app_label": "eav", "model": "value"}}, {"model": "contenttypes.contenttype", "fields": {"app_label": "eav", "model": "enumvalue"}}, {"model": "contenttypes.contenttype", "fields": {"app_label": "easy_thumbnails", "model": "thumbnaildimensions"}}, {"model": "contenttypes.contenttype", "fields": {"app_label": "easy_thumbnails", "model": "source"}}, {"model": "contenttypes.contenttype", "fields": {"app_label": "easy_thumbnails", "model": "thumbnail"}}, {"model": "contenttypes.contenttype", "fields": {"app_label": "waves", "model": "runner"}}, {"model": "contenttypes.contenttype", "fields": {"app_label": "waves", "model": "relatedinput"}}, {"model": "contenttypes.contenttype", "fields": {"app_label": "waves", "model": "serviceexitcode"}}, {"model": "contenttypes.contenttype", "fields": {"app_label": "waves", "model": "service"}}, {"model": "contenttypes.contenttype", "fields": {"app_label": "waves", "model": "jobinput"}}, {"model": "contenttypes.contenttype", "fields": {"app_label": "waves", "model": "jobadminhistory"}}, {"model": "contenttypes.contenttype", "fields": {"app_label": "waves", "model": "servicerunnerparam"}}, {"model": "contenttypes.contenttype", "fields": {"app_label": "waves", "model": "joboutput"}}, {"model": "contenttypes.contenttype", "fields": {"app_label": "waves", "model": "serviceinput"}}, {"model": "contenttypes.contenttype", "fields": {"app_label": "waves", "model": "job"}}, {"model": "contenttypes.contenttype", "fields": {"app_label": "waves", "model": "baseinput"}}, {"model": "contenttypes.contenttype", "fields": {"app_label": "waves", "model": "servicemeta"}}, {"model": "contenttypes.contenttype", "fields": {"app_label": "waves", "model": "servicecategory"}}, {"model": "contenttypes.contenttype", "fields": {"app_label": "waves", "model": "jobhistory"}}, {"model": "contenttypes.contenttype", "fields": {"app_label": "waves", "model": "serviceinputsample"}}, {"model": "contenttypes.contenttype", "fields": {"app_label": "waves", "model": "runnerparam"}}, {"model": "contenttypes.contenttype", "fields": {"app_label": "waves", "model": "serviceoutput"}}, {"model": "contenttypes.contenttype", "fields": {"app_label": "waves", "model": "apiprofile"}}, {"model": "contenttypes.contenttype", "fields": {"app_label": "waves", "model": "wavessite"}}, {"model": "contenttypes.contenttype", "fields": {"app_label": "corsheaders", "model": "corsmodel"}}, {"model": "contenttypes.contenttype", "fields": {"app_label": "waves", "model": "servicesubmission"}}, {"model": "contenttypes.contenttype", "fields": {"app_label": "waves", "model": "serviceoutputfrominputsubmission"}}, {"model": "contenttypes.contenttype", "fields": {"app_label": "waves", "model": "servicesampledependentsinput"}}, {"model": "auth.permission", "fields": {"name": "Can add content type", "content_type": ["contenttypes", "contenttype"], "codename": "add_contenttype"}}, {"model": "auth.permission", "fields": {"name": "Can change content type", "content_type": ["contenttypes", "contenttype"], "codename": "change_contenttype"}}, {"model": "auth.permission", "fields": {"name": "Can delete content type", "content_type": ["contenttypes", "contenttype"], "codename": "delete_contenttype"}}, {"model": "auth.permission", "fields": {"name": "Can add permission", "content_type": ["auth", "permission"], "codename": "add_permission"}}, {"model": "auth.permission", "fields": {"name": "Can change permission", "content_type": ["auth", "permission"], "codename": "change_permission"}}, {"model": "auth.permission", "fields": {"name": "Can delete permission", "content_type": ["auth", "permission"], "codename": "delete_permission"}}, {"model": "auth.permission", "fields": {"name": "Can add group", "content_type": ["auth", "group"], "codename": "add_group"}}, {"model": "auth.permission", "fields": {"name": "Can change group", "content_type": ["auth", "group"], "codename": "change_group"}}, {"model": "auth.permission", "fields": {"name": "Can delete group", "content_type": ["auth", "group"], "codename": "delete_group"}}, {"model": "auth.permission", "fields": {"name": "Can add user", "content_type": ["authtools", "user"], "codename": "add_user"}}, {"model": "auth.permission", "fields": {"name": "Can change user", "content_type": ["authtools", "user"], "codename": "change_user"}}, {"model": "auth.permission", "fields": {"name": "Can delete user", "content_type": ["authtools", "user"], "codename": "delete_user"}}, {"model": "auth.permission", "fields": {"name": "Can add log entry", "content_type": ["admin", "logentry"], "codename": "add_logentry"}}, {"model": "auth.permission", "fields": {"name": "Can change log entry", "content_type": ["admin", "logentry"], "codename": "change_logentry"}}, {"model": "auth.permission", "fields": {"name": "Can delete log entry", "content_type": ["admin", "logentry"], "codename": "delete_logentry"}}, {"model": "auth.permission", "fields": {"name": "Can add session", "content_type": ["sessions", "session"], "codename": "add_session"}}, {"model": "auth.permission", "fields": {"name": "Can change session", "content_type": ["sessions", "session"], "codename": "change_session"}}, {"model": "auth.permission", "fields": {"name": "Can delete session", "content_type": ["sessions", "session"], "codename": "delete_session"}}, {"model": "auth.permission", "fields": {"name": "Can add site", "content_type": ["sites", "site"], "codename": "add_site"}}, {"model": "auth.permission", "fields": {"name": "Can change site", "content_type": ["sites", "site"], "codename": "change_site"}}, {"model": "auth.permission", "fields": {"name": "Can delete site", "content_type": ["sites", "site"], "codename": "delete_site"}}, {"model": "auth.permission", "fields": {"name": "Can add enum value", "content_type": ["eav", "enumvalue"], "codename": "add_enumvalue"}}, {"model": "auth.permission", "fields": {"name": "Can change enum value", "content_type": ["eav", "enumvalue"], "codename": "change_enumvalue"}}, {"model": "auth.permission", "fields": {"name": "Can delete enum value", "content_type": ["eav", "enumvalue"], "codename": "delete_enumvalue"}}, {"model": "auth.permission", "fields": {"name": "Can add enum group", "content_type": ["eav", "enumgroup"], "codename": "add_enumgroup"}}, {"model": "auth.permission", "fields": {"name": "Can change enum group", "content_type": ["eav", "enumgroup"], "codename": "change_enumgroup"}}, {"model": "auth.permission", "fields": {"name": "Can delete enum group", "content_type": ["eav", "enumgroup"], "codename": "delete_enumgroup"}}, {"model": "auth.permission", "fields": {"name": "Can add attribute", "content_type": ["eav", "attribute"], "codename": "add_attribute"}}, {"model": "auth.permission", "fields": {"name": "Can change attribute", "content_type": ["eav", "attribute"], "codename": "change_attribute"}}, {"model": "auth.permission", "fields": {"name": "Can delete attribute", "content_type": ["eav", "attribute"], "codename": "delete_attribute"}}, {"model": "auth.permission", "fields": {"name": "Can add value", "content_type": ["eav", "value"], "codename": "add_value"}}, {"model": "auth.permission", "fields": {"name": "Can change value", "content_type": ["eav", "value"], "codename": "change_value"}}, {"model": "auth.permission", "fields": {"name": "Can delete value", "content_type": ["eav", "value"], "codename": "delete_value"}}, {"model": "auth.permission", "fields": {"name": "Can add source", "content_type": ["easy_thumbnails", "source"], "codename": "add_source"}}, {"model": "auth.permission", "fields": {"name": "Can change source", "content_type": ["easy_thumbnails", "source"], "codename": "change_source"}}, {"model": "auth.permission", "fields": {"name": "Can delete source", "content_type": ["easy_thumbnails", "source"], "codename": "delete_source"}}, {"model": "auth.permission", "fields": {"name": "Can add thumbnail", "content_type": ["easy_thumbnails", "thumbnail"], "codename": "add_thumbnail"}}, {"model": "auth.permission", "fields": {"name": "Can change thumbnail", "content_type": ["easy_thumbnails", "thumbnail"], "codename": "change_thumbnail"}}, {"model": "auth.permission", "fields": {"name": "Can delete thumbnail", "content_type": ["easy_thumbnails", "thumbnail"], "codename": "delete_thumbnail"}}, {"model": "auth.permission", "fields": {"name": "Can add thumbnail dimensions", "content_type": ["easy_thumbnails", "thumbnaildimensions"], "codename": "add_thumbnaildimensions"}}, {"model": "auth.permission", "fields": {"name": "Can change thumbnail dimensions", "content_type": ["easy_thumbnails", "thumbnaildimensions"], "codename": "change_thumbnaildimensions"}}, {"model": "auth.permission", "fields": {"name": "Can delete thumbnail dimensions", "content_type": ["easy_thumbnails", "thumbnaildimensions"], "codename": "delete_thumbnaildimensions"}}, {"model": "auth.permission", "fields": {"name": "Can add api profile", "content_type": ["waves", "apiprofile"], "codename": "add_apiprofile"}}, {"model": "auth.permission", "fields": {"name": "Can change api profile", "content_type": ["waves", "apiprofile"], "codename": "change_apiprofile"}}, {"model": "auth.permission", "fields": {"name": "Can delete api profile", "content_type": ["waves", "apiprofile"], "codename": "delete_apiprofile"}}, {"model": "auth.permission", "fields": {"name": "Can add Job", "content_type": ["waves", "job"], "codename": "add_job"}}, {"model": "auth.permission", "fields": {"name": "Can change Job", "content_type": ["waves", "job"], "codename": "change_job"}}, {"model": "auth.permission", "fields": {"name": "Can delete Job", "content_type": ["waves", "job"], "codename": "delete_job"}}, {"model": "auth.permission", "fields": {"name": "Can add job input", "content_type": ["waves", "jobinput"], "codename": "add_jobinput"}}, {"model": "auth.permission", "fields": {"name": "Can change job input", "content_type": ["waves", "jobinput"], "codename": "change_jobinput"}}, {"model": "auth.permission", "fields": {"name": "Can delete job input", "content_type": ["waves", "jobinput"], "codename": "delete_jobinput"}}, {"model": "auth.permission", "fields": {"name": "Can add job output", "content_type": ["waves", "joboutput"], "codename": "add_joboutput"}}, {"model": "auth.permission", "fields": {"name": "Can change job output", "content_type": ["waves", "joboutput"], "codename": "change_joboutput"}}, {"model": "auth.permission", "fields": {"name": "Can delete job output", "content_type": ["waves", "joboutput"], "codename": "delete_joboutput"}}, {"model": "auth.permission", "fields": {"name": "Can add job history", "content_type": ["waves", "jobhistory"], "codename": "add_jobhistory"}}, {"model": "auth.permission", "fields": {"name": "Can change job history", "content_type": ["waves", "jobhistory"], "codename": "change_jobhistory"}}, {"model": "auth.permission", "fields": {"name": "Can delete job history", "content_type": ["waves", "jobhistory"], "codename": "delete_jobhistory"}}, {"model": "auth.permission", "fields": {"name": "Can add job admin history", "content_type": ["waves", "jobhistory"], "codename": "add_jobadminhistory"}}, {"model": "auth.permission", "fields": {"name": "Can change job admin history", "content_type": ["waves", "jobhistory"], "codename": "change_jobadminhistory"}}, {"model": "auth.permission", "fields": {"name": "Can delete job admin history", "content_type": ["waves", "jobhistory"], "codename": "delete_jobadminhistory"}}, {"model": "auth.permission", "fields": {"name": "Can add Service runner", "content_type": ["waves", "runner"], "codename": "add_runner"}}, {"model": "auth.permission", "fields": {"name": "Can change Service runner", "content_type": ["waves", "runner"], "codename": "change_runner"}}, {"model": "auth.permission", "fields": {"name": "Can delete Service runner", "content_type": ["waves", "runner"], "codename": "delete_runner"}}, {"model": "auth.permission", "fields": {"name": "Can add runner param", "content_type": ["waves", "runnerparam"], "codename": "add_runnerparam"}}, {"model": "auth.permission", "fields": {"name": "Can change runner param", "content_type": ["waves", "runnerparam"], "codename": "change_runnerparam"}}, {"model": "auth.permission", "fields": {"name": "Can delete runner param", "content_type": ["waves", "runnerparam"], "codename": "delete_runnerparam"}}, {"model": "auth.permission", "fields": {"name": "Can add service input sample", "content_type": ["waves", "serviceinputsample"], "codename": "add_serviceinputsample"}}, {"model": "auth.permission", "fields": {"name": "Can change service input sample", "content_type": ["waves", "serviceinputsample"], "codename": "change_serviceinputsample"}}, {"model": "auth.permission", "fields": {"name": "Can delete service input sample", "content_type": ["waves", "serviceinputsample"], "codename": "delete_serviceinputsample"}}, {"model": "auth.permission", "fields": {"name": "Can add Service's runner init param", "content_type": ["waves", "servicerunnerparam"], "codename": "add_servicerunnerparam"}}, {"model": "auth.permission", "fields": {"name": "Can change Service's runner init param", "content_type": ["waves", "servicerunnerparam"], "codename": "change_servicerunnerparam"}}, {"model": "auth.permission", "fields": {"name": "Can delete Service's runner init param", "content_type": ["waves", "servicerunnerparam"], "codename": "delete_servicerunnerparam"}}, {"model": "auth.permission", "fields": {"name": "Can add Service's category", "content_type": ["waves", "servicecategory"], "codename": "add_servicecategory"}}, {"model": "auth.permission", "fields": {"name": "Can change Service's category", "content_type": ["waves", "servicecategory"], "codename": "change_servicecategory"}}, {"model": "auth.permission", "fields": {"name": "Can delete Service's category", "content_type": ["waves", "servicecategory"], "codename": "delete_servicecategory"}}, {"model": "auth.permission", "fields": {"name": "Can add Service", "content_type": ["waves", "service"], "codename": "add_service"}}, {"model": "auth.permission", "fields": {"name": "Can change Service", "content_type": ["waves", "service"], "codename": "change_service"}}, {"model": "auth.permission", "fields": {"name": "Can delete Service", "content_type": ["waves", "service"], "codename": "delete_service"}}, {"model": "auth.permission", "fields": {"name": "Can add base input", "content_type": ["waves", "baseinput"], "codename": "add_baseinput"}}, {"model": "auth.permission", "fields": {"name": "Can change base input", "content_type": ["waves", "baseinput"], "codename": "change_baseinput"}}, {"model": "auth.permission", "fields": {"name": "Can delete base input", "content_type": ["waves", "baseinput"], "codename": "delete_baseinput"}}, {"model": "auth.permission", "fields": {"name": "Can add Base Input parameter", "content_type": ["waves", "baseinput"], "codename": "add_serviceinput"}}, {"model": "auth.permission", "fields": {"name": "Can change Base Input parameter", "content_type": ["waves", "baseinput"], "codename": "change_serviceinput"}}, {"model": "auth.permission", "fields": {"name": "Can delete Base Input parameter", "content_type": ["waves", "baseinput"], "codename": "delete_serviceinput"}}, {"model": "auth.permission", "fields": {"name": "Can add Dependent parameter", "content_type": ["waves", "relatedinput"], "codename": "add_relatedinput"}}, {"model": "auth.permission", "fields": {"name": "Can change Dependent parameter", "content_type": ["waves", "relatedinput"], "codename": "change_relatedinput"}}, {"model": "auth.permission", "fields": {"name": "Can delete Dependent parameter", "content_type": ["waves", "relatedinput"], "codename": "delete_relatedinput"}}, {"model": "auth.permission", "fields": {"name": "Can add Service Exit Code", "content_type": ["waves", "serviceexitcode"], "codename": "add_serviceexitcode"}}, {"model": "auth.permission", "fields": {"name": "Can change Service Exit Code", "content_type": ["waves", "serviceexitcode"], "codename": "change_serviceexitcode"}}, {"model": "auth.permission", "fields": {"name": "Can delete Service Exit Code", "content_type": ["waves", "serviceexitcode"], "codename": "delete_serviceexitcode"}}, {"model": "auth.permission", "fields": {"name": "Can add Service Output", "content_type": ["waves", "serviceoutput"], "codename": "add_serviceoutput"}}, {"model": "auth.permission", "fields": {"name": "Can change Service Output", "content_type": ["waves", "serviceoutput"], "codename": "change_serviceoutput"}}, {"model": "auth.permission", "fields": {"name": "Can delete Service Output", "content_type": ["waves", "serviceoutput"], "codename": "delete_serviceoutput"}}, {"model": "auth.permission", "fields": {"name": "Can add Service Meta information", "content_type": ["waves", "servicemeta"], "codename": "add_servicemeta"}}, {"model": "auth.permission", "fields": {"name": "Can change Service Meta information", "content_type": ["waves", "servicemeta"], "codename": "change_servicemeta"}}, {"model": "auth.permission", "fields": {"name": "Can delete Service Meta information", "content_type": ["waves", "servicemeta"], "codename": "delete_servicemeta"}}, {"model": "auth.permission", "fields": {"name": "Can add web site meta", "content_type": ["waves", "servicemeta"], "codename": "add_websitemeta"}}, {"model": "auth.permission", "fields": {"name": "Can change web site meta", "content_type": ["waves", "servicemeta"], "codename": "change_websitemeta"}}, {"model": "auth.permission", "fields": {"name": "Can delete web site meta", "content_type": ["waves", "servicemeta"], "codename": "delete_websitemeta"}}, {"model": "auth.permission", "fields": {"name": "Can add documentation meta", "content_type": ["waves", "servicemeta"], "codename": "add_documentationmeta"}}, {"model": "auth.permission", "fields": {"name": "Can change documentation meta", "content_type": ["waves", "servicemeta"], "codename": "change_documentationmeta"}}, {"model": "auth.permission", "fields": {"name": "Can delete documentation meta", "content_type": ["waves", "servicemeta"], "codename": "delete_documentationmeta"}}, {"model": "auth.permission", "fields": {"name": "Can add download link meta", "content_type": ["waves", "servicemeta"], "codename": "add_downloadlinkmeta"}}, {"model": "auth.permission", "fields": {"name": "Can change download link meta", "content_type": ["waves", "servicemeta"], "codename": "change_downloadlinkmeta"}}, {"model": "auth.permission", "fields": {"name": "Can delete download link meta", "content_type": ["waves", "servicemeta"], "codename": "delete_downloadlinkmeta"}}, {"model": "auth.permission", "fields": {"name": "Can add feature meta", "content_type": ["waves", "servicemeta"], "codename": "add_featuremeta"}}, {"model": "auth.permission", "fields": {"name": "Can change feature meta", "content_type": ["waves", "servicemeta"], "codename": "change_featuremeta"}}, {"model": "auth.permission", "fields": {"name": "Can delete feature meta", "content_type": ["waves", "servicemeta"], "codename": "delete_featuremeta"}}, {"model": "auth.permission", "fields": {"name": "Can add miscellaneous meta", "content_type": ["waves", "servicemeta"], "codename": "add_miscellaneousmeta"}}, {"model": "auth.permission", "fields": {"name": "Can change miscellaneous meta", "content_type": ["waves", "servicemeta"], "codename": "change_miscellaneousmeta"}}, {"model": "auth.permission", "fields": {"name": "Can delete miscellaneous meta", "content_type": ["waves", "servicemeta"], "codename": "delete_miscellaneousmeta"}}, {"model": "auth.permission", "fields": {"name": "Can add related paper meta", "content_type": ["waves", "servicemeta"], "codename": "add_relatedpapermeta"}}, {"model": "auth.permission", "fields": {"name": "Can change related paper meta", "content_type": ["waves", "servicemeta"], "codename": "change_relatedpapermeta"}}, {"model": "auth.permission", "fields": {"name": "Can delete related paper meta", "content_type": ["waves", "servicemeta"], "codename": "delete_relatedpapermeta"}}, {"model": "auth.permission", "fields": {"name": "Can add citation meta", "content_type": ["waves", "servicemeta"], "codename": "add_citationmeta"}}, {"model": "auth.permission", "fields": {"name": "Can change citation meta", "content_type": ["waves", "servicemeta"], "codename": "change_citationmeta"}}, {"model": "auth.permission", "fields": {"name": "Can delete citation meta", "content_type": ["waves", "servicemeta"], "codename": "delete_citationmeta"}}, {"model": "auth.permission", "fields": {"name": "Can add command line meta", "content_type": ["waves", "servicemeta"], "codename": "add_commandlinemeta"}}, {"model": "auth.permission", "fields": {"name": "Can change command line meta", "content_type": ["waves", "servicemeta"], "codename": "change_commandlinemeta"}}, {"model": "auth.permission", "fields": {"name": "Can delete command line meta", "content_type": ["waves", "servicemeta"], "codename": "delete_commandlinemeta"}}, {"model": "auth.permission", "fields": {"name": "Can add Web application main configuration", "content_type": ["waves", "wavessite"], "codename": "add_wavessite"}}, {"model": "auth.permission", "fields": {"name": "Can change Web application main configuration", "content_type": ["waves", "wavessite"], "codename": "change_wavessite"}}, {"model": "auth.permission", "fields": {"name": "Can delete Web application main configuration", "content_type": ["waves", "wavessite"], "codename": "delete_wavessite"}}, {"model": "auth.permission", "fields": {"name": "Can add cors model", "content_type": ["corsheaders", "corsmodel"], "codename": "add_corsmodel"}}, {"model": "auth.permission", "fields": {"name": "Can change cors model", "content_type": ["corsheaders", "corsmodel"], "codename": "change_corsmodel"}}, {"model": "auth.permission", "fields": {"name": "Can delete cors model", "content_type": ["corsheaders", "corsmodel"], "codename": "delete_corsmodel"}}, {"model": "auth.permission", "fields": {"name": "Can add Base Input parameter", "content_type": ["waves", "serviceinput"], "codename": "add_serviceinput"}}, {"model": "auth.permission", "fields": {"name": "Can change Base Input parameter", "content_type": ["waves", "serviceinput"], "codename": "change_serviceinput"}}, {"model": "auth.permission", "fields": {"name": "Can delete Base Input parameter", "content_type": ["waves", "serviceinput"], "codename": "delete_serviceinput"}}, {"model": "auth.permission", "fields": {"name": "Can add Submission version", "content_type": ["waves", "servicesubmission"], "codename": "add_servicesubmission"}}, {"model": "auth.permission", "fields": {"name": "Can change Submission version", "content_type": ["waves", "servicesubmission"], "codename": "change_servicesubmission"}}, {"model": "auth.permission", "fields": {"name": "Can delete Submission version", "content_type": ["waves", "servicesubmission"], "codename": "delete_servicesubmission"}}, {"model": "auth.permission", "fields": {"name": "Can add From Input", "content_type": ["waves", "serviceoutputfrominputsubmission"], "codename": "add_serviceoutputfrominputsubmission"}}, {"model": "auth.permission", "fields": {"name": "Can change From Input", "content_type": ["waves", "serviceoutputfrominputsubmission"], "codename": "change_serviceoutputfrominputsubmission"}}, {"model": "auth.permission", "fields": {"name": "Can delete From Input", "content_type": ["waves", "serviceoutputfrominputsubmission"], "codename": "delete_serviceoutputfrominputsubmission"}}, {"model": "auth.permission", "fields": {"name": "Can add service sample dependents input", "content_type": ["waves", "servicesampledependentsinput"], "codename": "add_servicesampledependentsinput"}}, {"model": "auth.permission", "fields": {"name": "Can change service sample dependents input", "content_type": ["waves", "servicesampledependentsinput"], "codename": "change_servicesampledependentsinput"}}, {"model": "auth.permission", "fields": {"name": "Can delete service sample dependents input", "content_type": ["waves", "servicesampledependentsinput"], "codename": "delete_servicesampledependentsinput"}}, {"model": "auth.group", "fields": {"name": "WAVES_ADMIN", "permissions": [["add_user", "authtools", "user"], ["change_user", "authtools", "user"], ["delete_user", "authtools", "user"], ["add_corsmodel", "corsheaders", "corsmodel"], ["change_corsmodel", "corsheaders", "corsmodel"], ["delete_corsmodel", "corsheaders", "corsmodel"], ["add_apiprofile", "waves", "apiprofile"], ["change_apiprofile", "waves", "apiprofile"], ["delete_apiprofile", "waves", "apiprofile"], ["add_baseinput", "waves", "baseinput"], ["add_serviceinput", "waves", "baseinput"], ["change_baseinput", "waves", "baseinput"], ["change_serviceinput", "waves", "baseinput"], ["delete_baseinput", "waves", "baseinput"], ["delete_serviceinput", "waves", "baseinput"], ["add_job", "waves", "job"], ["change_job", "waves", "job"], ["delete_job", "waves", "job"], ["add_jobhistory", "waves", "jobhistory"], ["change_jobhistory", "waves", "jobhistory"], ["delete_jobhistory", "waves", "jobhistory"], ["add_jobinput", "waves", "jobinput"], ["change_jobinput", "waves", "jobinput"], ["delete_jobinput", "waves", "jobinput"], ["add_joboutput", "waves", "joboutput"], ["change_joboutput", "waves", "joboutput"], ["delete_joboutput", "waves", "joboutput"], ["add_relatedinput", "waves", "relatedinput"], ["change_relatedinput", "waves", "relatedinput"], ["delete_relatedinput", "waves", "relatedinput"], ["add_runner", "waves", "runner"], ["change_runner", "waves", "runner"], ["delete_runner", "waves", "runner"], ["add_runnerparam", "waves", "runnerparam"], ["change_runnerparam", "waves", "runnerparam"], ["delete_runnerparam", "waves", "runnerparam"], ["add_service", "waves", "service"], ["change_service", "waves", "service"], ["delete_service", "waves", "service"], ["add_servicecategory", "waves", "servicecategory"], ["change_servicecategory", "waves", "servicecategory"], ["delete_servicecategory", "waves", "servicecategory"], ["add_serviceexitcode", "waves", "serviceexitcode"], ["change_serviceexitcode", "waves", "serviceexitcode"], ["delete_serviceexitcode", "waves", "serviceexitcode"], ["add_serviceinput", "waves", "serviceinput"], ["change_serviceinput", "waves", "serviceinput"], ["delete_serviceinput", "waves", "serviceinput"], ["add_serviceinputsample", "waves", "serviceinputsample"], ["change_serviceinputsample", "waves", "serviceinputsample"], ["delete_serviceinputsample", "waves", "serviceinputsample"], ["add_citationmeta", "waves", "servicemeta"], ["add_commandlinemeta", "waves", "servicemeta"], ["add_documentationmeta", "waves", "servicemeta"], ["add_downloadlinkmeta", "waves", "servicemeta"], ["add_featuremeta", "waves", "servicemeta"], ["add_miscellaneousmeta", "waves", "servicemeta"], ["add_relatedpapermeta", "waves", "servicemeta"], ["add_servicemeta", "waves", "servicemeta"], ["add_websitemeta", "waves", "servicemeta"], ["change_citationmeta", "waves", "servicemeta"], ["change_commandlinemeta", "waves", "servicemeta"], ["change_documentationmeta", "waves", "servicemeta"], ["change_downloadlinkmeta", "waves", "servicemeta"], ["change_featuremeta", "waves", "servicemeta"], ["change_miscellaneousmeta", "waves", "servicemeta"], ["change_relatedpapermeta", "waves", "servicemeta"], ["change_servicemeta", "waves", "servicemeta"], ["change_websitemeta", "waves", "servicemeta"], ["delete_citationmeta", "waves", "servicemeta"], ["delete_commandlinemeta", "waves", "servicemeta"], ["delete_documentationmeta", "waves", "servicemeta"], ["delete_downloadlinkmeta", "waves", "servicemeta"], ["delete_featuremeta", "waves", "servicemeta"], ["delete_miscellaneousmeta", "waves", "servicemeta"], ["delete_relatedpapermeta", "waves", "servicemeta"], ["delete_servicemeta", "waves", "servicemeta"], ["delete_websitemeta", "waves", "servicemeta"], ["add_serviceoutput", "waves", "serviceoutput"], ["change_serviceoutput", "waves", "serviceoutput"], ["delete_serviceoutput", "waves", "serviceoutput"], ["add_servicerunnerparam", "waves", "servicerunnerparam"], ["change_servicerunnerparam", "waves", "servicerunnerparam"], ["delete_servicerunnerparam", "waves", "servicerunnerparam"], ["add_servicesubmission", "waves", "servicesubmission"], ["change_servicesubmission", "waves", "servicesubmission"], ["delete_servicesubmission", "waves", "servicesubmission"], ["add_wavessite", "waves", "wavessite"], ["change_wavessite", "waves", "wavessite"], ["delete_wavessite", "waves", "wavessite"]]}}, {"model": "auth.group", "fields": {"name": "WAVES_API_USER", "permissions": [["change_user", "authtools", "user"], ["delete_user", "authtools", "user"], ["add_baseinput", "waves", "baseinput"], ["change_baseinput", "waves", "baseinput"], ["delete_baseinput", "waves", "baseinput"], ["add_service", "waves", "service"], ["change_service", "waves", "service"], ["delete_service", "waves", "service"], ["add_servicecategory", "waves", "servicecategory"], ["change_servicecategory", "waves", "servicecategory"], ["delete_servicecategory", "waves", "servicecategory"], ["add_serviceinput", "waves", "serviceinput"], ["change_serviceinput", "waves", "serviceinput"], ["delete_serviceinput", "waves", "serviceinput"]]}}, {"model": "auth.group", "fields": {"name": "WAVES_WEB_USER", "permissions": [["add_thumbnail", "easy_thumbnails", "thumbnail"], ["change_thumbnail", "easy_thumbnails", "thumbnail"], ["delete_thumbnail", "easy_thumbnails", "thumbnail"], ["add_baseinput", "waves", "baseinput"], ["change_baseinput", "waves", "baseinput"], ["delete_baseinput", "waves", "baseinput"], ["add_service", "waves", "service"], ["change_service", "waves", "service"], ["delete_service", "waves", "service"], ["add_servicecategory", "waves", "servicecategory"], ["change_servicecategory", "waves", "servicecategory"], ["delete_servicecategory", "waves", "servicecategory"], ["add_serviceinput", "waves", "serviceinput"], ["change_serviceinput", "waves", "serviceinput"], ["delete_serviceinput", "waves", "serviceinput"]]}}, {"model": "authtools.user", "fields": {"password": "pbkdf2_sha256$24000$eI1Kh3cjD1y4$udeZFMpixejzWkOhmFUQA8nXhiAnAur9ClfHNlzJMK8=", "last_login": "2016-09-20T11:32:13Z", "is_superuser": true, "email": "marc.chakiachvili@lirmm.fr", "is_staff": true, "is_active": true, "date_joined": "2016-07-20T13:07:18Z", "name": "Marc Chakiachvili", "groups": [], "user_permissions": []}}, {"model": "authtools.user", "fields": {"password": "pbkdf2_sha256$24000$0SgYzWYErKzJ$GqooYNpYINQF/+9/fUUNLkGKgEM1HbJQLhHahEWv6BM=", "last_login": "2016-09-14T08:50:05Z", "is_superuser": false, "email": "floreal.cabanettes@lirmm.fr", "is_staff": true, "is_active": true, "date_joined": "2016-07-20T13:11:02Z", "name": "Flor\u00e9al Cabanettes", "groups": [["WAVES_ADMIN"], ["WAVES_API_USER"], ["WAVES_WEB_USER"]], "user_permissions": []}}, {"model": "authtools.user", "fields": {"password": "pbkdf2_sha256$24000$Jt8djG2uZz5A$XN7AUDcz8DKuZt+NdQwfkj6Vhvy+0EsZ9BMn8cKEG+8=", "last_login": "2016-09-13T11:19:44Z", "is_superuser": true, "email": "vincent.lefort@lirmm.fr", "is_staff": true, "is_active": true, "date_joined": "2016-09-13T11:14:33Z", "name": "Vincent Lefort", "groups": [], "user_permissions": []}}, {"model": "authtools.user", "fields": {"password": "pbkdf2_sha256$24000$KXzjw7RuISgn$tF8yv30Aj05ZVStA+fAk65YDt057vmfYcPM2J3QCYCM=", "last_login": null, "is_superuser": false, "email": "anne-muriel.arigon@lirmm.fr", "is_staff": true, "is_active": false, "date_joined": "2016-09-13T11:16:18Z", "name": "Anne-Muriel Arigon Chiffolleau", "groups": [], "user_permissions": []}}, {"model": "admin.logentry", "pk": 27, "fields": {"action_time": "2016-09-08T12:31:41Z", "user": ["floreal.cabanettes@lirmm.fr"], "content_type": ["waves", "service"], "object_id": "39", "object_repr": "Supertree MRP v(1.0)", "action_flag": 2, "change_message": "Added Base Input parameter \"out_file (ouput_name - text)\"."}}, {"model": "admin.logentry", "pk": 28, "fields": {"action_time": "2016-09-08T12:34:14Z", "user": ["floreal.cabanettes@lirmm.fr"], "content_type": ["waves", "service"], "object_id": "39", "object_repr": "Supertree MRP v(1.0)", "action_flag": 2, "change_message": "Added Service Output \"GMRP (None)\". Added Service Output \"LOG (None)\". Added Service Output \"MMRP (None)\". Added Service Output \"SMRP (None)\". Added Service Output \"TRE (None)\". Added Service Output \"NEX (None)\"."}}, {"model": "admin.logentry", "pk": 39, "fields": {"action_time": "2016-09-13T11:14:06Z", "user": ["marc.chakiachvili@lirmm.fr"], "content_type": ["authtools", "user"], "object_id": "1", "object_repr": "Sample Super Admin <superadmin@waves.atgc-montpellier.fr>", "action_flag": 3, "change_message": ""}}, {"model": "admin.logentry", "pk": 40, "fields": {"action_time": "2016-09-13T11:14:34Z", "user": ["marc.chakiachvili@lirmm.fr"], "content_type": ["authtools", "user"], "object_id": "8", "object_repr": "Vincent Lefort <vincent.lefort@lirmm.fr>", "action_flag": 1, "change_message": "Added."}}, {"model": "admin.logentry", "pk": 41, "fields": {"action_time": "2016-09-13T11:14:58Z", "user": ["marc.chakiachvili@lirmm.fr"], "content_type": ["authtools", "user"], "object_id": "8", "object_repr": "Vincent Lefort <vincent.lefort@lirmm.fr>", "action_flag": 2, "change_message": "Changed is_staff and is_superuser. Changed registered_for_api, country and institution for api profile \"Vincent Lefort <vincent.lefort@lirmm.fr>\"."}}, {"model": "admin.logentry", "pk": 42, "fields": {"action_time": "2016-09-13T11:16:19Z", "user": ["marc.chakiachvili@lirmm.fr"], "content_type": ["authtools", "user"], "object_id": "9", "object_repr": "Anne-Muriel Arigon Chiffolleau <anne-muriel.arigon@lirmm.fr>", "action_flag": 1, "change_message": "Added. Added api profile \"Anne-Muriel Arigon Chiffolleau <anne-muriel.arigon@lirmm.fr>\"."}}, {"model": "admin.logentry", "pk": 43, "fields": {"action_time": "2016-09-13T11:16:28Z", "user": ["marc.chakiachvili@lirmm.fr"], "content_type": ["authtools", "user"], "object_id": "9", "object_repr": "Anne-Muriel Arigon Chiffolleau <anne-muriel.arigon@lirmm.fr>", "action_flag": 2, "change_message": "No fields changed."}}, {"model": "admin.logentry", "pk": 44, "fields": {"action_time": "2016-09-13T11:16:37Z", "user": ["marc.chakiachvili@lirmm.fr"], "content_type": ["authtools", "user"], "object_id": "9", "object_repr": "Anne-Muriel Arigon Chiffolleau <anne-muriel.arigon@lirmm.fr>", "action_flag": 2, "change_message": "Changed is_staff."}}, {"model": "admin.logentry", "pk": 45, "fields": {"action_time": "2016-09-13T11:16:50Z", "user": ["marc.chakiachvili@lirmm.fr"], "content_type": ["authtools", "user"], "object_id": "9", "object_repr": "Anne-Muriel Arigon Chiffolleau <anne-muriel.arigon@lirmm.fr>", "action_flag": 2, "change_message": "Changed is_active."}}, {"model": "admin.logentry", "pk": 46, "fields": {"action_time": "2016-09-13T11:24:12Z", "user": ["vincent.lefort@lirmm.fr"], "content_type": ["sites", "site"], "object_id": "1", "object_repr": "wilkins.waves.atgc-montpellier.fr", "action_flag": 2, "change_message": "Changed name."}}, {"model": "admin.logentry", "pk": 47, "fields": {"action_time": "2016-09-20T11:42:17Z", "user": ["marc.chakiachvili@lirmm.fr"], "content_type": ["waves", "service"], "object_id": "40", "object_repr": "Your Service Name v(1.0)", "action_flag": 1, "change_message": "Added."}}, {"model": "admin.logentry", "pk": 48, "fields": {"action_time": "2016-09-20T11:42:51Z", "user": ["marc.chakiachvili@lirmm.fr"], "content_type": ["waves", "service"], "object_id": "40", "object_repr": "Your Service Name v(1.0)", "action_flag": 2, "change_message": "Changed created_by. Changed value for Service's adaptor init param \"remote_tool_id[remote_tool_id]\"."}}, {"model": "admin.logentry", "pk": 49, "fields": {"action_time": "2016-09-20T15:17:14Z", "user": ["marc.chakiachvili@lirmm.fr"], "content_type": ["waves", "runner"], "object_id": "11", "object_repr": "My test Runner [waves.adaptors.SGEJobAdaptor]", "action_flag": 1, "change_message": "Added."}}, {"model": "admin.logentry", "pk": 50, "fields": {"action_time": "2016-09-21T08:39:38Z", "user": ["marc.chakiachvili@lirmm.fr"], "content_type": ["waves", "service"], "object_id": "40", "object_repr": "alicia v(1.0)", "action_flag": 2, "change_message": "Changed name and run_on."}}, {"model": "admin.logentry", "pk": 51, "fields": {"action_time": "2016-09-21T08:40:21Z", "user": ["marc.chakiachvili@lirmm.fr"], "content_type": ["waves", "service"], "object_id": "40", "object_repr": "alicia v(1.0)", "action_flag": 2, "change_message": "Changed value for Service's adaptor init param \"command[python /home/marc/grams/alicia/longestCommonString.py]\"."}}, {"model": "admin.logentry", "pk": 52, "fields": {"action_time": "2016-09-21T08:42:35Z", "user": ["marc.chakiachvili@lirmm.fr"], "content_type": ["waves", "service"], "object_id": "40", "object_repr": "alicia v(1.0)", "action_flag": 2, "change_message": "Added Base Input parameter \"First Genome (g1 - file)\". Added Base Input parameter \"Second Genome (g2 - file)\". Added Base Input parameter \"Kmer size (k - number)\"."}}, {"model": "admin.logentry", "pk": 53, "fields": {"action_time": "2016-09-21T15:44:52Z", "user": ["marc.chakiachvili@lirmm.fr"], "content_type": ["waves", "runner"], "object_id": "1", "object_repr": "Galaxy Tool Runner [waves.adaptors.GalaxyWorkFlowAdaptor]", "action_flag": 2, "change_message": "Changed clazz."}}, {"model": "admin.logentry", "pk": 54, "fields": {"action_time": "2016-09-21T15:46:07Z", "user": ["marc.chakiachvili@lirmm.fr"], "content_type": ["waves", "runner"], "object_id": "1", "object_repr": "Galaxy Tool Runner [waves.adaptors.SGEJobAdaptor]", "action_flag": 2, "change_message": "Changed clazz."}}, {"model": "admin.logentry", "pk": 55, "fields": {"action_time": "2016-09-21T15:46:32Z", "user": ["marc.chakiachvili@lirmm.fr"], "content_type": ["waves", "runner"], "object_id": "1", "object_repr": "Galaxy Tool Runner [waves.adaptors.GalaxyJobAdaptor]", "action_flag": 2, "change_message": "Changed clazz."}}, {"model": "admin.logentry", "pk": 56, "fields": {"action_time": "2016-09-21T15:47:44Z", "user": ["marc.chakiachvili@lirmm.fr"], "content_type": ["waves", "runner"], "object_id": "1", "object_repr": "Galaxy Tool Runner [waves.adaptors.SGEJobAdaptor]", "action_flag": 2, "change_message": "Changed clazz."}}, {"model": "admin.logentry", "pk": 57, "fields": {"action_time": "2016-09-21T16:00:17Z", "user": ["marc.chakiachvili@lirmm.fr"], "content_type": ["waves", "runner"], "object_id": "1", "object_repr": "Galaxy Tool Runner [waves.adaptors.GalaxyJobAdaptor]", "action_flag": 2, "change_message": "Changed clazz."}}, {"model": "admin.logentry", "pk": 58, "fields": {"action_time": "2016-09-21T16:02:24Z", "user": ["marc.chakiachvili@lirmm.fr"], "content_type": ["waves", "runner"], "object_id": "7", "object_repr": "SGE Job Runner [waves.adaptors.SGEJobAdaptor]", "action_flag": 2, "change_message": "No fields changed."}}, {"model": "admin.logentry", "pk": 59, "fields": {"action_time": "2016-09-21T16:06:11Z", "user": ["marc.chakiachvili@lirmm.fr"], "content_type": ["waves", "runner"], "object_id": "7", "object_repr": "SGE Job Runner [waves.adaptors.GalaxyJobAdaptor]", "action_flag": 2, "change_message": "Changed clazz."}}, {"model": "admin.logentry", "pk": 60, "fields": {"action_time": "2016-09-21T16:08:46Z", "user": ["marc.chakiachvili@lirmm.fr"], "content_type": ["waves", "runner"], "object_id": "7", "object_repr": "SGE Job Runner [waves.adaptors.ShellJobAdaptor]", "action_flag": 2, "change_message": "Changed clazz."}}, {"model": "admin.logentry", "pk": 61, "fields": {"action_time": "2016-09-21T16:11:13Z", "user": ["marc.chakiachvili@lirmm.fr"], "content_type": ["waves", "runner"], "object_id": "7", "object_repr": "SGE Job Runner [waves.adaptors.GalaxyJobAdaptor]", "action_flag": 2, "change_message": "Changed clazz."}}, {"model": "admin.logentry", "pk": 62, "fields": {"action_time": "2016-09-21T16:11:44Z", "user": ["marc.chakiachvili@lirmm.fr"], "content_type": ["waves", "runner"], "object_id": "7", "object_repr": "SGE Job Runner [waves.adaptors.SGEJobAdaptor]", "action_flag": 2, "change_message": "Changed clazz."}}, {"model": "admin.logentry", "pk": 63, "fields": {"action_time": "2016-09-22T07:00:03Z", "user": ["marc.chakiachvili@lirmm.fr"], "content_type": ["waves", "runner"], "object_id": "7", "object_repr": "SGE Job Runner [waves.adaptors.GalaxyWorkFlowAdaptor]", "action_flag": 2, "change_message": "Changed clazz."}}, {"model": "admin.logentry", "pk": 64, "fields": {"action_time": "2016-09-22T07:14:26Z", "user": ["marc.chakiachvili@lirmm.fr"], "content_type": ["waves", "runner"], "object_id": "7", "object_repr": "SGE Job Runner [waves.adaptors.GalaxyJobAdaptor]", "action_flag": 2, "change_message": "Changed clazz."}}, {"model": "admin.logentry", "pk": 65, "fields": {"action_time": "2016-09-22T07:14:45Z", "user": ["marc.chakiachvili@lirmm.fr"], "content_type": ["waves", "runner"], "object_id": "7", "object_repr": "SGE Job Runner [waves.adaptors.GalaxyJobAdaptor]", "action_flag": 2, "change_message": "Changed update_init_params."}}, {"model": "sessions.session", "pk": "1sfksunqfaa5riqw6y7edc76ysa6ipkg", "fields": {"session_data": "NzlmMTE5NDE3N2M0MjFmZTM4NTIxM2FlZWIyZGIxN2IzZDFhMDRlNjp7Il9hdXRoX3VzZXJfaGFzaCI6IjU1OTVlNDlkNmU0OTE2MzRjM2MwMzIwOWQyNTE1NTI5ZDQ0MmRmNjQiLCJfYXV0aF91c2VyX2lkIjoiOCIsIl9hdXRoX3VzZXJfYmFja2VuZCI6ImRqYW5nby5jb250cmliLmF1dGguYmFja2VuZHMuTW9kZWxCYWNrZW5kIn0=", "expire_date": "2016-09-27T11:20:10Z"}}, {"model": "sessions.session", "pk": "bizhevmkeb942u0ac7pqpyy9nde7ghad", "fields": {"session_data": "NmRjNGJjNjAzNTJjZWIyNjk0MjQ1ZGQxZTI4OTUwNjNlN2RhNDdmNTp7Il9hdXRoX3VzZXJfaGFzaCI6IjYxZjZiMmMyM2ExYWM0MzU0OTkzZDM1YzUyOGJiNWQ1ZWMyMjhkMjQiLCJfYXV0aF91c2VyX2JhY2tlbmQiOiJkamFuZ28uY29udHJpYi5hdXRoLmJhY2tlbmRzLk1vZGVsQmFja2VuZCIsIl9hdXRoX3VzZXJfaWQiOiI1In0=", "expire_date": "2016-09-29T08:22:22Z"}}, {"model": "sessions.session", "pk": "eksknlgd37mgtn0b787ztk29o70h6jtl", "fields": {"session_data": "NmM4NWEwYjAxOGZmYTQxZjEyNDExMTE0NWU3OTdhZTE3MTkwNGU3Yzp7Il9hdXRoX3VzZXJfaGFzaCI6ImRiNGZjOWRlMWRmNjdmMTIxZDQ4ZmFmZmQ1MzhiNTIxMjE2MzA5NmQiLCJfYXV0aF91c2VyX2JhY2tlbmQiOiJkamFuZ28uY29udHJpYi5hdXRoLmJhY2tlbmRzLk1vZGVsQmFja2VuZCIsIl9hdXRoX3VzZXJfaWQiOiI1In0=", "expire_date": "2016-10-03T09:03:34Z"}}, {"model": "sessions.session", "pk": "fws7yebpzke8i2ju5srqiat76od3qrws", "fields": {"session_data": "NmRjNGJjNjAzNTJjZWIyNjk0MjQ1ZGQxZTI4OTUwNjNlN2RhNDdmNTp7Il9hdXRoX3VzZXJfaGFzaCI6IjYxZjZiMmMyM2ExYWM0MzU0OTkzZDM1YzUyOGJiNWQ1ZWMyMjhkMjQiLCJfYXV0aF91c2VyX2JhY2tlbmQiOiJkamFuZ28uY29udHJpYi5hdXRoLmJhY2tlbmRzLk1vZGVsQmFja2VuZCIsIl9hdXRoX3VzZXJfaWQiOiI1In0=", "expire_date": "2016-09-27T11:13:11Z"}}, {"model": "sessions.session", "pk": "h6qysiwlk4n8zzyt0q58zmvrkhu8mqzy", "fields": {"session_data": "NzUzNzhjOTI4ZmQ4NDM1MzI1ZTgwMTRlNDUxNGNhOTQ0OTg5MDhiMjp7Il9zZXNzaW9uX2V4cGlyeSI6MjU5MjAwMCwiX2F1dGhfdXNlcl9oYXNoIjoiMmI4NzNhN2RhZTg3OWE0YjhlNjgzMjg3MWY4NmVlMjMyM2M3ZjQyMiIsIl9hdXRoX3VzZXJfYmFja2VuZCI6ImRqYW5nby5jb250cmliLmF1dGguYmFja2VuZHMuTW9kZWxCYWNrZW5kIiwiX2F1dGhfdXNlcl9pZCI6IjYifQ==", "expire_date": "2016-10-12T11:47:15Z"}}, {"model": "sessions.session", "pk": "k3typzejo73ftvd7pi26v2ynn1e0bkjn", "fields": {"session_data": "N2JmYTg2OGFjYzM1Y2RkNTg3YWViMDAwYzE1MDdhM2U1YzE0Njk0NTp7Il9hdXRoX3VzZXJfaGFzaCI6IjI2N2QwYTQ1Yzg3ZWIyMWIwZWFhNDVkNGZlZDE1YjA4ODViNDJmYWQiLCJfYXV0aF91c2VyX2JhY2tlbmQiOiJkamFuZ28uY29udHJpYi5hdXRoLmJhY2tlbmRzLk1vZGVsQmFja2VuZCIsIl9hdXRoX3VzZXJfaWQiOiIxIn0=", "expire_date": "2016-09-20T09:18:49Z"}}, {"model": "sessions.session", "pk": "kwjt5b0zh1qk32xpyb2jatsol5292xmw", "fields": {"session_data": "NzUzNzhjOTI4ZmQ4NDM1MzI1ZTgwMTRlNDUxNGNhOTQ0OTg5MDhiMjp7Il9zZXNzaW9uX2V4cGlyeSI6MjU5MjAwMCwiX2F1dGhfdXNlcl9oYXNoIjoiMmI4NzNhN2RhZTg3OWE0YjhlNjgzMjg3MWY4NmVlMjMyM2M3ZjQyMiIsIl9hdXRoX3VzZXJfYmFja2VuZCI6ImRqYW5nby5jb250cmliLmF1dGguYmFja2VuZHMuTW9kZWxCYWNrZW5kIiwiX2F1dGhfdXNlcl9pZCI6IjYifQ==", "expire_date": "2016-10-07T12:48:00Z"}}, {"model": "sessions.session", "pk": "qfj53ruc64p9jjfikmdhyw88gvvq2olc", "fields": {"session_data": "NmM4NWEwYjAxOGZmYTQxZjEyNDExMTE0NWU3OTdhZTE3MTkwNGU3Yzp7Il9hdXRoX3VzZXJfaGFzaCI6ImRiNGZjOWRlMWRmNjdmMTIxZDQ4ZmFmZmQ1MzhiNTIxMjE2MzA5NmQiLCJfYXV0aF91c2VyX2JhY2tlbmQiOiJkamFuZ28uY29udHJpYi5hdXRoLmJhY2tlbmRzLk1vZGVsQmFja2VuZCIsIl9hdXRoX3VzZXJfaWQiOiI1In0=", "expire_date": "2016-10-04T11:32:13Z"}}, {"model": "sites.site", "pk": 1, "fields": {"domain": "wilkins.waves.atgc-montpellier.fr", "name": "WAVES webapp"}}, {"model": "eav.attribute", "pk": 1, "fields": {"name": "Galaxy allow history purge", "site": 1, "slug": "galaxy_allow_purge", "description": "", "enum_group": null, "type": "job", "datatype": "bool", "created": "2016-05-11T15:32:26Z", "modified": "2016-05-11T15:36:50Z", "required": false}}, {"model": "eav.attribute", "pk": 2, "fields": {"name": "Input Galaxy dataset ID", "site": 1, "slug": "galaxy_input_dataset_id", "description": "", "enum_group": null, "type": "job_input", "datatype": "text", "created": "2016-05-11T15:33:04Z", "modified": "2016-05-17T14:13:01Z", "required": false}}, {"model": "eav.attribute", "pk": 3, "fields": {"name": "Galaxy history id", "site": 1, "slug": "galaxy_history_id", "description": "", "enum_group": null, "type": "job", "datatype": "text", "created": "2016-05-11T15:34:32Z", "modified": "2016-05-11T15:36:55Z", "required": false}}, {"model": "eav.attribute", "pk": 4, "fields": {"name": "Galaxy job ID", "site": 1, "slug": "galaxy_job_id", "description": "", "enum_group": null, "type": "job", "datatype": "text", "created": "2016-05-11T15:35:01Z", "modified": "2016-05-17T14:05:45Z", "required": false}}, {"model": "eav.attribute", "pk": 5, "fields": {"name": "Ouput galaxy dataset ID", "site": 1, "slug": "galaxy_output_dataset_id", "description": "", "enum_group": null, "type": "job_output", "datatype": "text", "created": "2016-05-11T15:35:39Z", "modified": "2016-05-17T14:12:50Z", "required": false}}, {"model": "eav.attribute", "pk": 6, "fields": {"name": "Galaxy job output data", "site": 1, "slug": "job_output_file", "description": "", "enum_group": null, "type": "job_output", "datatype": "text", "created": "2016-05-17T14:13:49Z", "modified": "2016-05-17T14:13:49Z", "required": false}}, {"model": "eav.attribute", "pk": 8, "fields": {"name": "Local job PID", "site": 1, "slug": "local_job_external_pid", "description": "Local JOB execution PID", "enum_group": null, "type": "job", "datatype": "int", "created": "2016-07-15T11:06:58Z", "modified": "2016-07-15T11:10:14Z", "required": false}}, {"model": "waves.apiprofile", "pk": 9, "fields": {"slug": "47d905f3-75f5-4c55-bcaa-868c779632c4", "picture": "", "registered_for_api": true, "api_key": "8413a8b0-79a3-11e6-8303-525400b24ef7", "institution": "LIRMM", "country": "FR", "phone": null, "comment": "", "ip": null, "banned": false}}, {"model": "waves.apiprofile", "pk": 6, "fields": {"slug": "b6caa450-1825-11e6-9201-3417ebccd2cf", "picture": "", "registered_for_api": true, "api_key": "a10e5dc8-1825-11e6-8eb5-3417ebccd2cf", "institution": "LIRMM", "country": "FR", "phone": null, "comment": "Change password in Production !!!!", "ip": "193.49.110.17", "banned": false}}, {"model": "waves.apiprofile", "pk": 5, "fields": {"slug": "eb9d0212-1821-11e6-a8e0-3417ebccd2cf", "picture": "", "registered_for_api": true, "api_key": "eb9d047e-1821-11e6-a8e0-3417ebccd2cf", "institution": "LIRMM", "country": "FR", "phone": null, "comment": "", "ip": "127.0.0.1", "banned": false}}, {"model": "waves.apiprofile", "pk": 8, "fields": {"slug": "cd2111e0-97a9-4ae9-81fd-e4212e9710d4", "picture": "", "registered_for_api": true, "api_key": "4e61e61e-79a3-11e6-8303-525400b24ef7", "institution": "LIRMM", "country": "FR", "phone": null, "comment": "", "ip": "193.49.106.21", "banned": false}}, {"model": "waves.runner", "pk": 1, "fields": {"description": "<p>Galaxy service runner, may be used from another host.</p>", "short_description": null, "name": "Galaxy Tool Runner", "available": true, "clazz": "waves.adaptors.GalaxyJobAdaptor"}}, {"model": "waves.runner", "pk": 7, "fields": {"description": "<p>Our SGE server allow to run scripts on mutiple calculation cluster...</p>\r\n\r\n<p>See text is rendered <u><strong>in HTML</strong></u></p>", "short_description": null, "name": "SGE Job Runner", "available": true, "clazz": "waves.adaptors.GalaxyJobAdaptor"}}, {"model": "waves.runner", "pk": 8, "fields": {"description": "<p>A sample Workflow runner</p>", "short_description": null, "name": "Galaxy Workflow Runner", "available": true, "clazz": "waves.adaptors.GalaxyWorkFlowAdaptor"}}, {"model": "waves.runner", "pk": 10, "fields": {"description": "<p>Execute locally your job</p>", "short_description": null, "name": "Local script runner", "available": true, "clazz": "waves.adaptors.ShellJobAdaptor"}}, {"model": "waves.runner", "pk": 11, "fields": {"description": "<p>My fancy description for thie runner</p>", "short_description": null, "name": "My test Runner", "available": true, "clazz": "waves.adaptors.SGEJobAdaptor"}}, {"model": "waves.runnerparam", "pk": 400, "fields": {"name": "host", "default": "http://wilkins.galaxy.atgc-montpellier.fr", "runner": 8}}, {"model": "waves.runnerparam", "pk": 401, "fields": {"name": "remote_tool_id", "default": null, "runner": 8}}, {"model": "waves.runnerparam", "pk": 402, "fields": {"name": "library_dir", "default": "", "runner": 8}}, {"model": "waves.runnerparam", "pk": 403, "fields": {"name": "app_key", "default": "840d59d1ab46713d1485ea217b16c884", "runner": 8}}, {"model": "waves.runnerparam", "pk": 404, "fields": {"name": "port", "default": "80", "runner": 8}}, {"model": "waves.runnerparam", "pk": 413, "fields": {"name": "command", "default": null, "runner": 10}}, {"model": "waves.runnerparam", "pk": 416, "fields": {"name": "queue", "default": "all.q", "runner": 11}}, {"model": "waves.runnerparam", "pk": 417, "fields": {"name": "host", "default": "localhost", "runner": 11}}, {"model": "waves.runnerparam", "pk": 418, "fields": {"name": "command", "default": null, "runner": 11}}, {"model": "waves.runnerparam", "pk": 440, "fields": {"name": "host", "default": "http://127.0.0.1", "runner": 1}}, {"model": "waves.runnerparam", "pk": 441, "fields": {"name": "remote_tool_id", "default": null, "runner": 1}}, {"model": "waves.runnerparam", "pk": 442, "fields": {"name": "library_dir", "default": "", "runner": 1}}, {"model": "waves.runnerparam", "pk": 443, "fields": {"name": "app_key", "default": "806dcbdca2b8bb34f2693cbf318a358e", "runner": 1}}, {"model": "waves.runnerparam", "pk": 444, "fields": {"name": "port", "default": "8080", "runner": 1}}, {"model": "waves.runnerparam", "pk": 475, "fields": {"name": "host", "default": "http://127.0.0.1", "runner": 7}}, {"model": "waves.runnerparam", "pk": 476, "fields": {"name": "remote_tool_id", "default": null, "runner": 7}}, {"model": "waves.runnerparam", "pk": 477, "fields": {"name": "library_dir", "default": "", "runner": 7}}, {"model": "waves.runnerparam", "pk": 478, "fields": {"name": "app_key", "default": "806dcbdca2b8bb34f2693cbf318a358e", "runner": 7}}, {"model": "waves.runnerparam", "pk": 479, "fields": {"name": "port", "default": "8080", "runner": 7}}, {"model": "waves.servicerunnerparam", "pk": 273, "fields": {"service": 39, "param": 413, "value": "/data/http/www/binaries/compphy/mrp.sh"}}, {"model": "waves.servicerunnerparam", "pk": 285, "fields": {"service": 40, "param": 413, "value": "python /home/marc/grams/alicia/longestCommonString.py"}}, {"model": "waves.servicerunnerparam", "pk": 302, "fields": {"service": 38, "param": 440, "value": "http://127.0.0.1"}}, {"model": "waves.servicerunnerparam", "pk": 303, "fields": {"service": 38, "param": 441, "value": null}}, {"model": "waves.servicerunnerparam", "pk": 304, "fields": {"service": 38, "param": 442, "value": ""}}, {"model": "waves.servicerunnerparam", "pk": 305, "fields": {"service": 38, "param": 443, "value": "806dcbdca2b8bb34f2693cbf318a358e"}}, {"model": "waves.servicerunnerparam", "pk": 306, "fields": {"service": 38, "param": 444, "value": "8080"}}, {"model": "waves.servicerunnerparam", "pk": 397, "fields": {"service": 33, "param": 475, "value": "http://127.0.0.1"}}, {"model": "waves.servicerunnerparam", "pk": 398, "fields": {"service": 33, "param": 476, "value": null}}, {"model": "waves.servicerunnerparam", "pk": 399, "fields": {"service": 33, "param": 477, "value": ""}}, {"model": "waves.servicerunnerparam", "pk": 400, "fields": {"service": 33, "param": 478, "value": "806dcbdca2b8bb34f2693cbf318a358e"}}, {"model": "waves.servicerunnerparam", "pk": 401, "fields": {"service": 33, "param": 479, "value": "8080"}}, {"model": "waves.servicerunnerparam", "pk": 402, "fields": {"service": 37, "param": 475, "value": "http://127.0.0.1"}}, {"model": "waves.servicerunnerparam", "pk": 403, "fields": {"service": 37, "param": 476, "value": null}}, {"model": "waves.servicerunnerparam", "pk": 404, "fields": {"service": 37, "param": 477, "value": ""}}, {"model": "waves.servicerunnerparam", "pk": 405, "fields": {"service": 37, "param": 478, "value": "806dcbdca2b8bb34f2693cbf318a358e"}}, {"model": "waves.servicerunnerparam", "pk": 406, "fields": {"service": 37, "param": 479, "value": "8080"}}, {"model": "waves.servicerunnerparam", "pk": 407, "fields": {"service": 35, "param": 475, "value": "http://127.0.0.1"}}, {"model": "waves.servicerunnerparam", "pk": 408, "fields": {"service": 35, "param": 476, "value": null}}, {"model": "waves.servicerunnerparam", "pk": 409, "fields": {"service": 35, "param": 477, "value": ""}}, {"model": "waves.servicerunnerparam", "pk": 410, "fields": {"service": 35, "param": 478, "value": "806dcbdca2b8bb34f2693cbf318a358e"}}, {"model": "waves.servicerunnerparam", "pk": 411, "fields": {"service": 35, "param": 479, "value": "8080"}}, {"model": "waves.servicecategory", "pk": 1, "fields": {"order": 0, "description": "<p>This is long description</p>", "short_description": "This is short description", "api_name": "supertrees", "name": "Supertrees", "ref": "", "parent": 2, "lft": 2, "rght": 3, "tree_id": 1, "level": 1}}, {"model": "waves.servicecategory", "pk": 2, "fields": {"order": 0, "description": "<p>This is full htlml description</p>", "short_description": "This is short description", "api_name": "phylogenetics", "name": "Phylogenetics", "ref": "", "parent": null, "lft": 1, "rght": 6, "tree_id": 1, "level": 0}}, {"model": "waves.servicecategory", "pk": 3, "fields": {"order": 0, "description": "<p>This is not long</p>", "short_description": "This is short", "api_name": "sequences_tools", "name": "Sequences tools", "ref": "", "parent": null, "lft": 1, "rght": 4, "tree_id": 2, "level": 0}}, {"model": "waves.servicecategory", "pk": 4, "fields": {"order": 0, "description": "<p>Sequence long</p>", "short_description": "Sequence short", "api_name": "sequences_alignement", "name": "Sequences alignement", "ref": "", "parent": 3, "lft": 2, "rght": 3, "tree_id": 2, "level": 1}}, {"model": "waves.servicecategory", "pk": 5, "fields": {"order": 0, "description": "<p>Reconciliations long text</p>", "short_description": "Reconciliations", "api_name": "trees_reconciliation", "name": "Trees Reconciliation", "ref": "", "parent": 2, "lft": 4, "rght": 5, "tree_id": 1, "level": 1}}, {"model": "waves.service", "pk": 33, "fields": {"created": "2016-06-08T15:00:34Z", "updated": "2016-09-22T07:14:45Z", "description": "<p>FastME provides distance algorithms to infer phylogenies. FastME is based on balanced minimum evolution, which is the very principle of NJ. FastME improves over NJ by performing topological moves using fast, sophisticated algorithms. The first version of FastME only included Nearest Neighbor Interchange (NNI). The new 2.0 version also includes Subtree Pruning and Regrafting (SPR), while remaining as fast as NJ and providing a number of facilities: distance estimation for DNA and proteins with various models and options, bootstrapping, and parallel computations.</p>", "short_description": "FastME provides distance algorithms to infer phylogenies. FastME is based on balanced minimum evolution, which is the very principle of NJ.", "api_name": "fast_me_2_1", "name": "FastME", "version": "2.1.4", "run_on": 7, "clazz": "", "category": 2, "status": 3, "api_on": true, "email_on": true, "partial": false, "created_by": ["marc.chakiachvili@lirmm.fr"], "restricted_client": []}}, {"model": "waves.service", "pk": 35, "fields": {"created": "2016-06-20T10:38:08Z", "updated": "2016-09-22T07:14:45Z", "description": "<h3>Options</h3>\r\n\r\n<p><a name=\"source\"></a>Source tree file<br />\r\nThe input source tree file contains source trees encoded in standard Newick format, possibly containing edge lengths and bootstrap values.<br />\r\nBelow is an example of the Newick format for a tree containing bootstrap values and edge lengths:<br />\r\n<img alt=\"PhySIC_IST source tree\" src=\"http://www.atgc-montpellier.fr/pictures/img_physic_ist_source.png\" title=\"PhySIC_IST source tree\" /></p>\r\n\r\n<p><a name=\"backbone\"></a>Backbone tree (optional)<br />\r\nYou have the possibility to input a starting backbone tree in which missing taxa of the source trees are inserted. This file contains the backbone tree you proposed. This backbone tree is possibly simplified if not satisfying the PC property.</p>\r\n\r\n<p><a name=\"outgroup\"></a>Outgroups for tree rooting (optional)<br />\r\nWhen PhySIC_IST is provided with unrooted source trees, it first has to root them. To that purpose, the software incorporates a rooting tool that automates the procedure. This tool accepts as input different outgroup levels, specified in the outgroup file. Each level is a list of comma-separated taxa. Each level of outgroup must be divided from the next one by a line break.<br />\r\nThe rooting procedure considers each unrooted source tree separately. For a given source tree T, it determines the first level of outgroup that contains one or more taxa of T. Then the tree is rooted on the branch leading to the smallest subtree hosting all outgroup taxa of this level present in the tree. In other words, unrooted source trees are rooted on the branch leading to the outgroup that is the farthest from the ingroup. If the proposed outgroup is not monophyletic, the tree T is discarded from the analysis. This procedure does not alter the resolution inside the ingroup nor in the different outgroup levels that can be present in the tree.<br />\r\nBelow is an example of the format suitable for outgroup_File:</p>\r\n\r\n<pre>\r\nMonodelphis\r\nEchinops, Loxodonta, Dasypus\r\n     </pre>\r\n\r\n<p>Using the specified outgroup levels, the unrooted tree:<br />\r\n<img alt=\"PhySIC_IST unrooted tree\" src=\"http://www.atgc-montpellier.fr/pictures/img_physic_ist_outgroup_1.png\" title=\"PhySIC_IST unrooted tree\" /><br />\r\nwill become:<br />\r\n<img alt=\"PhySIC_IST unrooted tree\" src=\"http://www.atgc-montpellier.fr/pictures/img_physic_ist_outgroup_2.png\" title=\"PhySIC_IST unrooted tree\" /><br />\r\n<br />\r\nThe unrooted tree:<br />\r\n<img alt=\"PhySIC_IST unrooted tree\" src=\"http://www.atgc-montpellier.fr/pictures/img_physic_ist_outgroup_3.png\" title=\"PhySIC_IST unrooted tree\" /><br />\r\nis discarded from the analysis because none of the outgroups taxa are present in the tree.<br />\r\n<br />\r\nThe unrooted tree:<br />\r\n<img alt=\"PhySIC_IST unrooted tree\" src=\"http://www.atgc-montpellier.fr/pictures/img_physic_ist_outgroup_4.png\" title=\"PhySIC_IST unrooted tree\" /><br />\r\nis discarded from the analysis because the outgroup (Dasypus, Echinops) is not monophyletic.</p>\r\n\r\n<p><a name=\"bootstrap\"></a>Bootstrap threshold for source clade selection<br />\r\nBefore computing the supertree, the program first collapses source tree branches having a bootstrap proportion (bp) lower than the indicated threshold. Hence, only significantly supported clades are considered for supertree building (this is especially important with veto supertree methods). For instance, if bps range from 1 to 100 in the source trees (as in the above example), you can typically use 70 as a clade selection threshold.<br />\r\nSource trees that do not contain bp are not affected by this collapsing step. Thus, the input file can contain a mix of trees with bps and trees without. Note that trees with only some bp missing, are not considered by the collapsing step. If you do not want the program to collapse branches at all, just set the treshold value to 0.</p>\r\n\r\n<p><a name=\"correction\"></a>Correction threshold for anomalies detection<br />\r\nThe correction threshold is the threshold used by the STC (Source Tree Correction) preprocess, aiming to detect anomalies in the source trees (e.g., resulting from paralogy, HGT events or long branch attraction).<br />\r\nThe STC preprocess detects incongruences in the source trees on the basis of triplets of taxa present in the source trees. When conflicting resolutions are observed among source trees for the same three taxa, STC drops the resolutions that are statistically less supported. This is achieved by a Chi-Square test comparing the frequencies with which the conflicting resolutions respectively appear. The correction threshold is a real value between 0 and 1. The higher it is, the larger the difference between frequencies of conflicting resolutions has to be in order for STC to drop the least frequent alternatives. In other words, setting the correction threshold to 1 impedes STC to drop any input triplet, hence leaves the source trees as they are, while setting it to 0 implies removing from the source trees any contradicted triplet (e.g. ab|c) that is globally less frequent that an alternative resolution (e.g. ac|b). In the former case, PhySIC_IST behaves as a pure veto method, while in the latter case it mimics a voting (i.e., liberal) supertree method.<br />\r\nWhen STC drops some triplets, the source trees are modified in order that those triplets are not displayed anymore.</p>\r\n\r\n<hr />\r\n<h3>Results</h3>\r\n\r\n<p>With the above example input file you will obtain the following supertree in setting the bootstrap threshold to 60:<br />\r\n<img alt=\"PhySIC_IST supertree\" src=\"http://www.atgc-montpellier.fr/pictures/img_physic_ist_supertree.png\" title=\"PhySIC_IST supertree\" /><br />\r\n<br />\r\nThe supertree inferred by PhySIC_IST is outputted in Newick format. It can be visualized with usual tree viewing/editing softwares such as <a href=\"http://www.treedyn.org\" target=\"_blank\">TreeDyn</a>, <a href=\"http://darwin.zoology.gla.ac.uk/%7Erpage/treeviewx/download.html\" target=\"_blank\">Treeview X</a> or <a href=\"http://www-ab.informatik.uni-tuebingen.de/software/dendroscope/welcome.html\" target=\"_blank\">DendroScope</a>.</p>\r\n\r\n<p>PhySIC_IST also outputs the list of input taxa not inserted in the supertree (if any) and the value of the CIC for the proposed supertree. The CIC value measures the informativeness of the supertree (see the <a href=\"http://www.atgc-montpellier.fr/physic_ist/paper.php\">paper</a> for details).</p>\r\n\r\n<p>PhySIC_IST also outputs a &quot;newForest&quot; file. This file will contain the modified source trees.</p>", "short_description": "PhySIC_IST: cleaning source trees to infer more informative supertrees.\r\nScornavacca C., Berry V., Lefort V., Douzery E.J.P., Ranwez V.\r\nBMC Bioinformatics. 2008, Oct 4;9:413.", "api_name": "physic_ist", "name": "Physic_IST", "version": "1.0", "run_on": 7, "clazz": "", "category": 1, "status": 3, "api_on": true, "email_on": true, "partial": false, "created_by": null, "restricted_client": []}}, {"model": "waves.service", "pk": 37, "fields": {"created": "2016-07-15T12:49:33Z", "updated": "2016-09-22T07:14:45Z", "description": "<p>PhyML is a phylogeny software based on the maximum-likelihood principle. Early PhyML versions used a fast algorithm to perform Nearest Neighbor Interchanges (NNIs), in order to improve a reasonable starting tree topology. Since the original publication (<a href=\"http://www.atgc-montpellier.fr/phyml/paper.php\" style=\"text-decoration: none; color: #006699; font-weight: bold; font-family: Verdana, Arial, Helvetica, FreeSans, sans-serif; font-size: 12px; text-align: justify;\">Guindon and Gascuel 2003</a>), PhyML has been widely used (&gt;1,250 citations in ISI Web of Science), due to its simplicity and a fair accuracy/speed compromise. In the mean time research around PhyML has continued. We designed an efficient algorithm to search the tree space using Subtree Pruning and Regrafting (SPR) topological moves (<a href=\"http://www.atgc-montpellier.fr/phyml/paper.php\" style=\"text-decoration: none; color: #006699; font-weight: bold; font-family: Verdana, Arial, Helvetica, FreeSans, sans-serif; font-size: 12px; text-align: justify;\">Hordijk and Gascuel 2005</a>), and proposed a fast branch test based on an approximate likelihood ratio test (<a href=\"http://www.atgc-montpellier.fr/phyml/paper.php\" style=\"text-decoration: none; color: #006699; font-weight: bold; font-family: Verdana, Arial, Helvetica, FreeSans, sans-serif; font-size: 12px; text-align: justify;\">Anisimova and Gascuel 2006</a>). However, these novelties were not included in the official version of PhyML, and we found that improvements were still needed in order to make them effective in some practical cases. PhyML 3.0 achieves this task. It implements new algorithms to search the space of tree topologies with user-defined intensity. A non-parametric, Shimodaira-Hasegawa-like branch test is also available. The program provides a number of new evolutionary models and its interface was entirely re-designed. We tested PhyML 3.0 on a large collection of real data sets to ensure that the new version is stable, ready-to-use and still reasonably fast and accurate.</p>", "short_description": "PhyML is a phylogeny software based on the maximum-likelihood principle.", "api_name": "phy_ml_1_0", "name": "PhyML", "version": "1.0", "run_on": 7, "clazz": "", "category": 2, "status": 3, "api_on": true, "email_on": true, "partial": false, "created_by": null, "restricted_client": []}}, {"model": "waves.service", "pk": 38, "fields": {"created": "2016-08-29T17:08:47Z", "updated": "2016-09-21T16:00:17Z", "description": "", "short_description": "", "api_name": "test_service_galaxy_1_0", "name": "Test Service Galaxy", "version": "1.0", "run_on": 1, "clazz": "", "category": 3, "status": 3, "api_on": true, "email_on": true, "partial": false, "created_by": null, "restricted_client": []}}, {"model": "waves.service", "pk": 39, "fields": {"created": "2016-09-08T12:14:30Z", "updated": "2016-09-08T12:34:14Z", "description": "", "short_description": "", "api_name": "supertree_mrp_1_0", "name": "Supertree MRP", "version": "1.0", "run_on": 10, "clazz": "", "category": 1, "status": 3, "api_on": true, "email_on": true, "partial": false, "created_by": ["floreal.cabanettes@lirmm.fr"], "restricted_client": []}}, {"model": "waves.service", "pk": 40, "fields": {"created": "2016-09-20T11:42:16Z", "updated": "2016-09-21T08:42:34Z", "description": "", "short_description": "", "api_name": "your-service-name-10", "name": "alicia", "version": "1.0", "run_on": 10, "clazz": "", "category": 2, "status": 0, "api_on": true, "email_on": true, "partial": false, "created_by": ["anne-muriel.arigon@lirmm.fr"], "restricted_client": []}}, {"model": "waves.servicesubmission", "pk": 2, "fields": {"created": "2016-09-06T09:18:06Z", "updated": "2016-09-06T09:18:06Z", "order": 0, "slug": "7750cba7-fd6d-4b4a-a63c-ebc523613765", "api_name": "default", "label": "default", "default": true, "available_online": true, "available_api": true, "service": 33}}, {"model": "waves.servicesubmission", "pk": 3, "fields": {"created": "2016-09-06T09:18:06Z", "updated": "2016-09-06T09:18:06Z", "order": 0, "slug": "fc96331e-8fb9-4fa7-a010-2e17c1647052", "api_name": "default", "label": "default", "default": true, "available_online": true, "available_api": true, "service": 37}}, {"model": "waves.servicesubmission", "pk": 4, "fields": {"created": "2016-09-06T09:18:06Z", "updated": "2016-09-06T09:18:06Z", "order": 0, "slug": "5b91b573-465b-443f-bb99-9039c98248fd", "api_name": "default", "label": "default", "default": true, "available_online": true, "available_api": true, "service": 35}}, {"model": "waves.servicesubmission", "pk": 5, "fields": {"created": "2016-09-06T09:18:06Z", "updated": "2016-09-06T09:18:06Z", "order": 0, "slug": "f4ea01fe-593e-4e71-b9f7-f12a305c9109", "api_name": "default", "label": "default", "default": true, "available_online": true, "available_api": true, "service": 38}}, {"model": "waves.servicesubmission", "pk": 6, "fields": {"created": "2016-09-08T12:15:27Z", "updated": "2016-09-08T12:15:27Z", "order": 0, "slug": "db1145ea-1b57-4d6d-bdbc-d31e421a9405", "api_name": "default", "label": "Default", "default": true, "available_online": true, "available_api": true, "service": 39}}, {"model": "waves.servicesubmission", "pk": 7, "fields": {"created": "2016-09-20T11:42:16Z", "updated": "2016-09-20T11:42:16Z", "order": 0, "slug": "08333584-06f3-47c8-8591-7412c2fedd5b", "api_name": "default", "label": "default", "default": true, "available_online": true, "available_api": true, "service": 40}}, {"model": "waves.baseinput", "pk": 388, "fields": {"polymorphic_ctype": ["waves", "relatedinput"], "created": "2016-05-26T14:29:33Z", "updated": "2016-09-12T13:42:29Z", "order": 0, "description": "<p>FastME implements a wide range of substitution models for DNA : p-distance, RY symmetric, RY, JC69, K2P, F81, F84, TN93, LogDet. F84 is the default option and is recommended in most cases.</p>", "short_description": "FastME implements a wide range of substitution models for DNA : p-distance, RY symmetric, RY, JC69, K2P, F81, F84, TN93, LogDet. F84 is the default option and is recommended in most cases.", "label": "Evolutionary model", "name": "dna", "default": "4", "type": "select", "param_type": 1, "format": "F84|4\r\nRY|R\r\nF81|1\r\nJC69|J\r\nK2P|K\r\nTN93|T\r\np-distance|p\r\nLogDet|L", "mandatory": false, "multiple": false, "editable": true, "display": "select", "service": 2}}, {"model": "waves.baseinput", "pk": 389, "fields": {"polymorphic_ctype": ["waves", "relatedinput"], "created": "2016-05-26T14:29:33Z", "updated": "2016-09-12T13:42:29Z", "order": 1, "description": "<p>FastME implements a wide range of substitution models for proteins : p-distance, F81-like, LG, WAG, JTT, Dayhoff, DCMut, CpREV, MtREV, RtREV, HIVb, HIVw and FLU. LG is the default option and is recommended in most cases.</p>", "short_description": "FastME implements a wide range of substitution models for proteins : p-distance, F81-like, LG, WAG, JTT, Dayhoff, DCMut, CpREV, MtREV, RtREV, HIVb, HIVw and FLU. LG is the default option and is recommended in most cases.", "label": "Evolutionary model", "name": "protein", "default": "L", "type": "select", "param_type": 1, "format": "LG|L\r\nWAG|W\r\nJTT|J\r\nDay off|h\r\nCpRev|C\r\nDCMut|D\r\nHIVb|b\r\nHIVw|I\r\nMtREV|M\r\nRtREV|R\r\np-distance|p", "mandatory": false, "multiple": false, "editable": true, "display": "select", "service": 2}}, {"model": "waves.baseinput", "pk": 479, "fields": {"polymorphic_ctype": ["waves", "serviceinput"], "created": "2016-06-08T15:00:35Z", "updated": "2016-09-06T09:18:06Z", "order": 2, "description": "<p>The input data file contains sequence alignment(s) or a distance matrix(ces).</p>", "short_description": null, "label": "Input data file", "name": "input_data", "default": "", "type": "file", "param_type": 1, "format": "Phylip|.phy\r\nMatrix|.mat", "mandatory": true, "multiple": false, "editable": true, "display": "select", "service": 2}}, {"model": "waves.baseinput", "pk": 480, "fields": {"polymorphic_ctype": ["waves", "serviceinput"], "created": "2016-06-08T15:00:35Z", "updated": "2016-09-06T09:18:06Z", "order": 3, "description": "<p>FastME will write the infered tree into the output tree file.</p>", "short_description": null, "label": "Output tree", "name": "output_tree", "default": "output_tree.txt", "type": "text", "param_type": 1, "format": "", "mandatory": true, "multiple": false, "editable": false, "display": "select", "service": 2}}, {"model": "waves.baseinput", "pk": 481, "fields": {"polymorphic_ctype": ["waves", "serviceinput"], "created": "2016-06-08T15:00:35Z", "updated": "2016-09-06T09:18:06Z", "order": 4, "description": "<p>Type of data in the input file. It can be either DNA or amino-acid MSA in PHYLIP format, or a distance matrix in PHYLIP format. If the input data type is a MSA, the menu will update to display evolutionary model options required to compute a distance matrix.</p>", "short_description": null, "label": "Data type", "name": "typeChoice", "default": "d", "type": "select", "param_type": 0, "format": "DNA|d\r\nProtein|p\r\nMatrix|m", "mandatory": true, "multiple": false, "editable": true, "display": null, "service": 2}}, {"model": "waves.baseinput", "pk": 482, "fields": {"polymorphic_ctype": ["waves", "serviceinput"], "created": "2016-06-08T15:00:35Z", "updated": "2016-09-06T09:18:06Z", "order": 5, "description": "<p>By default, frequencies are globally counted from the nucleotides alignment or defined by the proteic substitution model. By checking the box, frequencies are pairwise estimated by counting the nucleotides or estimated by counting the amino-acids in the alignment.</p>", "short_description": null, "label": "Equilibrium frequencies", "name": "equilibrium", "default": "False", "type": "boolean", "param_type": 5, "format": "", "mandatory": false, "multiple": false, "editable": true, "display": "select", "service": 2}}, {"model": "waves.baseinput", "pk": 483, "fields": {"polymorphic_ctype": ["waves", "serviceinput"], "created": "2016-06-08T15:00:35Z", "updated": "2016-09-06T09:18:06Z", "order": 6, "description": "<p>Rates of evolution often vary from site to site. This heterogeneity is modelled using a gamma distribution.</p>", "short_description": null, "label": "Gamma distributed rates across sites", "name": "gamma", "default": "1.0", "type": "float", "param_type": 1, "format": "", "mandatory": true, "multiple": false, "editable": true, "display": "select", "service": 2}}, {"model": "waves.baseinput", "pk": 484, "fields": {"polymorphic_ctype": ["waves", "serviceinput"], "created": "2016-06-08T15:00:35Z", "updated": "2016-09-06T09:18:06Z", "order": 7, "description": "<p>Use this option to completely remove any site which has a gap in any sequence. By default, FastME is doing pairwise deletion of gaps.</p>", "short_description": null, "label": "Remove gap strategy", "name": "remove_gap", "default": "False", "type": "boolean", "param_type": 5, "format": "", "mandatory": false, "multiple": false, "editable": true, "display": "select", "service": 2}}, {"model": "waves.baseinput", "pk": 485, "fields": {"polymorphic_ctype": ["waves", "serviceinput"], "created": "2016-06-08T15:00:35Z", "updated": "2016-09-06T09:18:06Z", "order": 8, "description": "", "short_description": null, "label": "Distance algorithm", "name": "method", "default": "I", "type": "select", "param_type": 1, "format": "BIONJ|I\r\nTaxAdd BalME|B\r\nTaxAdd OLSME|O\r\nNJ|N\r\nUNJ|U", "mandatory": true, "multiple": false, "editable": true, "display": "select", "service": 2}}, {"model": "waves.baseinput", "pk": 486, "fields": {"polymorphic_ctype": ["waves", "serviceinput"], "created": "2016-06-08T15:00:35Z", "updated": "2016-09-06T09:18:06Z", "order": 9, "description": "<p>Use this option to do [NNI] tree topology improvement.<br />\r\nYou may choose the [NNI] type from: NNI_BalME or NNI_OLS</p>", "short_description": null, "label": "Topology improvment", "name": "nni", "default": "B", "type": "select", "param_type": 1, "format": "BalME NNI|B\r\nOLS NNI|O", "mandatory": false, "multiple": false, "editable": true, "display": "radio", "service": 2}}, {"model": "waves.baseinput", "pk": 487, "fields": {"polymorphic_ctype": ["waves", "serviceinput"], "created": "2016-06-08T15:00:35Z", "updated": "2016-09-06T09:18:06Z", "order": 10, "description": "", "short_description": null, "label": "Bootstrap", "name": "use_bootstrap", "default": "", "type": "boolean", "param_type": 0, "format": "", "mandatory": false, "multiple": false, "editable": true, "display": "select", "service": 2}}, {"model": "waves.baseinput", "pk": 488, "fields": {"polymorphic_ctype": ["waves", "serviceinput"], "created": "2016-06-08T15:41:49Z", "updated": "2016-09-06T09:18:06Z", "order": 11, "description": "<p>Use this option to do SPR tree topology improvement</p>", "short_description": null, "label": "SPR Pruning", "name": "spr", "default": "False", "type": "boolean", "param_type": 5, "format": "", "mandatory": false, "multiple": false, "editable": true, "display": "select", "service": 2}}, {"model": "waves.baseinput", "pk": 519, "fields": {"polymorphic_ctype": ["waves", "relatedinput"], "created": "2016-06-17T13:10:00Z", "updated": "2016-09-06T09:18:06Z", "order": 12, "description": "", "short_description": null, "label": "Bootstrap count", "name": "bootstrap", "default": "1000", "type": "number", "param_type": 1, "format": "", "mandatory": false, "multiple": false, "editable": true, "display": "select", "service": 2}}, {"model": "waves.baseinput", "pk": 520, "fields": {"polymorphic_ctype": ["waves", "serviceinput"], "created": "2016-06-21T09:39:15Z", "updated": "2016-09-06T09:18:06Z", "order": 0, "description": "<p>The source trees have to be contained in a text file (e.g., named &quot;sourceTreeFile&quot;) with trees written in the Newick format.</p>", "short_description": null, "label": "Source Tree File", "name": "s", "default": "", "type": "file", "param_type": 2, "format": "", "mandatory": true, "multiple": false, "editable": true, "display": "select", "service": 4}}, {"model": "waves.baseinput", "pk": 521, "fields": {"polymorphic_ctype": ["waves", "serviceinput"], "created": "2016-06-21T09:39:15Z", "updated": "2016-09-06T09:18:06Z", "order": 1, "description": "<p>The user has the possibility to input a starting backbone tree in which missing taxa of the source trees are inserted. The file myTreeFile contains the backbone tree proposed by the user. This backbone tree is possibly simplified if not satisfying the PC property.</p>", "short_description": null, "label": "Backbone Tree File", "name": "t", "default": "", "type": "file", "param_type": 2, "format": "", "mandatory": false, "multiple": false, "editable": true, "display": "select", "service": 4}}, {"model": "waves.baseinput", "pk": 522, "fields": {"polymorphic_ctype": ["waves", "serviceinput"], "created": "2016-06-21T09:39:15Z", "updated": "2016-09-06T09:18:06Z", "order": 2, "description": "<p>The boostrap_threshold is an unbounded positive number. Before running the actual algorithm, PhySIC_IST collapses the branches with a bootstrap value smaller than the indicated boostrap_threshold (if your bootstrap values are numbers between A and B, I suggest to set your treshold value in this range!). Branches of the source trees without bootstrap value are not collapsed.</p>", "short_description": null, "label": "Use bootstrap threshold ?", "name": "boostrap_select", "default": "False", "type": "boolean", "param_type": 0, "format": "", "mandatory": false, "multiple": false, "editable": true, "display": "select", "service": 4}}, {"model": "waves.baseinput", "pk": 523, "fields": {"polymorphic_ctype": ["waves", "serviceinput"], "created": "2016-06-21T09:39:15Z", "updated": "2016-09-06T09:18:06Z", "order": 3, "description": "<p>The correction_threshold is the threshold used by the STC (Source Tree Correction) preprocess, aiming to detect anomalies in the source trees (e.g., resulting from paralogy, HGT events or long branch attraction). The STC preprocess detects incongruences in the source trees on the basis of triplets of taxa present in the source trees. When conflicting resolutions are observed among source trees for the same three taxa, STC drops the resolutions that are statistically less supported. This is achieved by a Chi-Square test comparing the frequencies with which the conflicting resolutions respectively appear. The correction_threshold is a real value between 0 and 1. The higher it is, the smaller the difference between frequencies of conflicting resolutions has to be in order for STC to drop the least frequent alternatives. In other words, setting correction_threshold to 1 impedes STC to drop any input triplet, while setting it to 0 implies dropping any contradicted triplet that is less frequent that another triplet contradicting it. In the former case, PhySIC_IST behaves as a pure veto method, while in the latter case it mimics a voting (i.e., liberal) supertree method.</p>", "short_description": null, "label": "Use correction threshold ?", "name": "correction_threshold", "default": "False", "type": "boolean", "param_type": 0, "format": "", "mandatory": false, "multiple": false, "editable": true, "display": "select", "service": 4}}, {"model": "waves.baseinput", "pk": 524, "fields": {"polymorphic_ctype": ["waves", "serviceinput"], "created": "2016-06-21T09:39:15Z", "updated": "2016-09-06T09:18:06Z", "order": 4, "description": "<p>newForestFile is the name of the file where the method outputs the modified source trees. This option is relevant only with -b and -c options.</p>", "short_description": null, "label": "New Forest File", "name": "f", "default": "newForest.txt", "type": "text", "param_type": 2, "format": "", "mandatory": false, "multiple": false, "editable": true, "display": "select", "service": 4}}, {"model": "waves.baseinput", "pk": 525, "fields": {"polymorphic_ctype": ["waves", "serviceinput"], "created": "2016-06-21T09:39:15Z", "updated": "2016-09-06T09:18:06Z", "order": 5, "description": "<p>When PhySIC_IST is provided with unrooted source trees, it first has to root them. To that purpose, the software incorporates a rooting tool that automates the procedure. This tool accepts as input different outgroup levels, specified in the file named outgroup_File. Each level is a list of comma-separated taxa. Each level of outgroup must be divided from the next one by a line break. The rooting procedure considers each unrooted source tree separately. For a given source tree T, it determines the first level of outgroup that contains one or more taxa of T. Then the tree is rooted on the branch leading to the smallest subtree hosting all outgroup taxa of this level present in the tree. In other words, unrooted source trees are rooted on the branch leading to the outgroup that is the farthest from the ingroup. If the proposed outgroup is not monophyletic, the tree T is discarded from the analysis. This procedure does not alter the resolution inside the ingroup nor in the different outgroup levels that can be present in the tree.</p>", "short_description": null, "label": "Outgroup File", "name": "r", "default": "", "type": "file", "param_type": 2, "format": "", "mandatory": false, "multiple": false, "editable": true, "display": "select", "service": 4}}, {"model": "waves.baseinput", "pk": 526, "fields": {"polymorphic_ctype": ["waves", "relatedinput"], "created": "2016-06-21T09:39:15Z", "updated": "2016-09-06T09:18:06Z", "order": 6, "description": "", "short_description": null, "label": "Bootstrap Threshold", "name": "b", "default": "100", "type": "number", "param_type": 2, "format": "", "mandatory": false, "multiple": false, "editable": true, "display": "select", "service": 4}}, {"model": "waves.baseinput", "pk": 527, "fields": {"polymorphic_ctype": ["waves", "relatedinput"], "created": "2016-06-21T09:39:15Z", "updated": "2016-09-06T09:18:06Z", "order": 7, "description": "", "short_description": null, "label": "Correction threshold", "name": "c", "default": "0", "type": "float", "param_type": 2, "format": "0|1", "mandatory": false, "multiple": false, "editable": true, "display": "select", "service": 4}}, {"model": "waves.baseinput", "pk": 562, "fields": {"polymorphic_ctype": ["waves", "serviceinput"], "created": "2016-07-15T11:36:43Z", "updated": "2016-09-06T09:18:06Z", "order": 13, "description": "<p>FastME may use an existing topology available in the input user tree file which corresponds to the input dataset.</p>", "short_description": null, "label": "Existing topology", "name": "user_tree", "default": "", "type": "file", "param_type": 1, "format": "", "mandatory": false, "multiple": false, "editable": true, "display": "select", "service": 2}}, {"model": "waves.baseinput", "pk": 563, "fields": {"polymorphic_ctype": ["waves", "serviceinput"], "created": "2016-07-15T11:39:46Z", "updated": "2016-09-06T09:18:06Z", "order": 14, "description": "<p>Use this option if you want FastME to write information about its execution in the output information file.</p>", "short_description": null, "label": "Output information file", "name": "output_info", "default": "output_info.txt", "type": "text", "param_type": 1, "format": "", "mandatory": true, "multiple": false, "editable": false, "display": "select", "service": 2}}, {"model": "waves.baseinput", "pk": 564, "fields": {"polymorphic_ctype": ["waves", "serviceinput"], "created": "2016-07-15T12:30:40Z", "updated": "2016-09-06T09:18:06Z", "order": 15, "description": "<p>Use this option if you want FastME to write the distances matrix computed from the input alignment in the output matrix file.</p>", "short_description": null, "label": "Output matrix file", "name": "output_matrix", "default": "output_matrix.mat", "type": "text", "param_type": 1, "format": "", "mandatory": true, "multiple": false, "editable": false, "display": "select", "service": 2}}, {"model": "waves.baseinput", "pk": 565, "fields": {"polymorphic_ctype": ["waves", "serviceinput"], "created": "2016-07-15T12:31:40Z", "updated": "2016-09-06T09:18:06Z", "order": 16, "description": "<p>Use this option if you want FastME to write bootstrap trees in the bootstrap trees file.</p>", "short_description": null, "label": "Output bootstrap tree", "name": "output_boot", "default": "output_bootstrap.txt", "type": "text", "param_type": 4, "format": "", "mandatory": true, "multiple": false, "editable": false, "display": "select", "service": 2}}, {"model": "waves.baseinput", "pk": 566, "fields": {"polymorphic_ctype": ["waves", "serviceinput"], "created": "2016-07-15T12:45:49Z", "updated": "2016-09-06T09:18:06Z", "order": 8, "description": "<p>This is the file which contains the PhySIC_IST supertree</p>", "short_description": null, "label": "Output file name", "name": "o", "default": "physic_ist_tree.txt", "type": "text", "param_type": 2, "format": "", "mandatory": false, "multiple": false, "editable": true, "display": "select", "service": 4}}, {"model": "waves.baseinput", "pk": 567, "fields": {"polymorphic_ctype": ["waves", "serviceinput"], "created": "2016-07-15T13:23:43Z", "updated": "2016-09-06T09:18:06Z", "order": 0, "description": "<p>The nucleotide or amino-acid sequence file in PHYLIP format</p>", "short_description": null, "label": "Sequences", "name": "input", "default": "", "type": "file", "param_type": 1, "format": ".phy\r\n.txt", "mandatory": true, "multiple": false, "editable": true, "display": "select", "service": 3}}, {"model": "waves.baseinput", "pk": 568, "fields": {"polymorphic_ctype": ["waves", "serviceinput"], "created": "2016-07-15T13:23:43Z", "updated": "2016-09-06T09:18:06Z", "order": 1, "description": "", "short_description": null, "label": "Data type", "name": "datatype", "default": "nt", "type": "select", "param_type": 1, "format": "Nucleotides|nt\r\nAmino-Acid|aa", "mandatory": false, "multiple": false, "editable": true, "display": "radio", "service": 3}}, {"model": "waves.baseinput", "pk": 569, "fields": {"polymorphic_ctype": ["waves", "serviceinput"], "created": "2016-07-15T13:23:43Z", "updated": "2016-09-06T09:18:06Z", "order": 2, "description": "<p>Changes interleaved format (default) to sequential format.</p>", "short_description": null, "label": "Sequential format", "name": "sequential", "default": "False", "type": "boolean", "param_type": 5, "format": "Sequential", "mandatory": false, "multiple": false, "editable": true, "display": "checkbox", "service": 3}}, {"model": "waves.baseinput", "pk": 570, "fields": {"polymorphic_ctype": ["waves", "serviceinput"], "created": "2016-07-15T13:29:41Z", "updated": "2016-09-06T09:18:06Z", "order": 3, "description": "<p>An integer corresponding to the number of data sets to analyse</p>", "short_description": null, "label": "Number of datasets", "name": "multiple", "default": "1", "type": "number", "param_type": 1, "format": "", "mandatory": false, "multiple": false, "editable": true, "display": "select", "service": 3}}, {"model": "waves.baseinput", "pk": 571, "fields": {"polymorphic_ctype": ["waves", "serviceinput"], "created": "2016-07-15T13:29:41Z", "updated": "2016-09-06T09:18:06Z", "order": 4, "description": "<p>Use a minimum parsimony starting tree. This option is taken into account when No user tree is provided and when tree topology modifications are to be done</p>", "short_description": null, "label": "Minimum parsimony starting tree", "name": "pars", "default": "", "type": "boolean", "param_type": 5, "format": "", "mandatory": false, "multiple": false, "editable": true, "display": "select", "service": 3}}, {"model": "waves.baseinput", "pk": 572, "fields": {"polymorphic_ctype": ["waves", "serviceinput"], "created": "2016-07-15T13:29:41Z", "updated": "2016-09-06T09:18:06Z", "order": 5, "description": "<p>int &gt; 0: int is the number of bootstrap replicates.<br />\r\nint = 0: neither approximate likelihood ratio test nor bootstrap values are computed.<br />\r\nint = -1: approximate likelihood ratio test returning aLRT statistics.<br />\r\nint = -2: approximate likelihood ratio test returning Chi2-based parametric branch supports.<br />\r\nint = -4: (default) SH-like branch supports alone.<br />\r\nint = -5: approximate Bayes branch supports.</p>", "short_description": null, "label": "Bootstrap", "name": "bootstrap", "default": "-4", "type": "number", "param_type": 5, "format": "-5|", "mandatory": false, "multiple": false, "editable": true, "display": "select", "service": 3}}, {"model": "waves.baseinput", "pk": 573, "fields": {"polymorphic_ctype": ["waves", "serviceinput"], "created": "2016-07-15T13:29:41Z", "updated": "2016-09-06T09:18:06Z", "order": 6, "description": "<p>model : substitution model name. - Nucleotide-based models : HKY85 (default) | JC69 | K80 | F81 | F84 | TN93 | GTR - Amino-acid based models : LG (default) | WAG | JTT | MtREV | Dayhoff | DCMut | RtREV | CpREV | VT | Blosum62 | MtMam | MtArt | HIVw | HIVb | custom</p>", "short_description": null, "label": "Substitution model", "name": "model", "default": "dna", "type": "select", "param_type": 0, "format": "DNA|dna\r\nAmino Acid|aa", "mandatory": false, "multiple": false, "editable": true, "display": "select", "service": 3}}, {"model": "waves.baseinput", "pk": 574, "fields": {"polymorphic_ctype": ["waves", "relatedinput"], "created": "2016-07-15T13:35:09Z", "updated": "2016-09-06T09:18:06Z", "order": 7, "description": "", "short_description": null, "label": "Nucleotide-based models", "name": "model_dna", "default": "HKY85", "type": "select", "param_type": 0, "format": "HKY85|HKY85\r\nJC69|JC69\r\nK80|K80\r\nF81|F81\r\nF84|F84\r\nTN93|TN93\r\nGTR|GTR", "mandatory": false, "multiple": false, "editable": true, "display": "select", "service": 3}}, {"model": "waves.baseinput", "pk": 575, "fields": {"polymorphic_ctype": ["waves", "relatedinput"], "created": "2016-07-15T13:35:09Z", "updated": "2016-09-06T09:18:06Z", "order": 8, "description": "", "short_description": null, "label": "Amino-acid based model", "name": "model_aa", "default": "LG", "type": "select", "param_type": 0, "format": "LG|LG\r\nWAG|WAG\r\nJTT|JTT\r\nMtREV|MtREV\r\nDayhoff|Dayhoff\r\nDCMut|DcMut\r\nRtREV|RtREV\r\nCpREV|CpREV\r\nVT|VT\r\n\t\t Blosum62 | MtMam | MtArt | HIVw |  HIVb |", "mandatory": false, "multiple": false, "editable": true, "display": "select", "service": 3}}, {"model": "waves.baseinput", "pk": 576, "fields": {"polymorphic_ctype": ["waves", "serviceinput"], "created": "2016-07-15T13:42:04Z", "updated": "2016-09-06T09:18:06Z", "order": 9, "description": "<p>e : the character frequencies are determined as follows : - Nucleotide sequences: (Empirical) the equilibrium base frequencies are estimated by counting the occurence of the different bases in the alignment. - Amino-acid sequences: (Empirical) the equilibrium amino-acid frequencies are estimated by counting the occurence of the different amino-acids in the alignment. m : the character frequencies are determined as follows : - Nucleotide sequences: (ML) the equilibrium base frequencies are estimated using maximum likelihood - Amino-acid sequences: (Model) the equilibrium amino-acid frequencies are estimated using the frequencies defined by the substitution model. &quot;fA,fC,fG,fT&quot; : only valid for nucleotide-based models. fA, fC, fG and fT are floating numbers that correspond to the frequencies of A, C, G and T respectively (WARNING: do not use any blank space between your values of nucleotide frequencies, only commas!)</p>", "short_description": null, "label": "Character frequencies", "name": "f", "default": "e", "type": "select", "param_type": 2, "format": "Empirical|e\r\nEquilibrium|m\r\nCustom|custom", "mandatory": false, "multiple": false, "editable": true, "display": "select", "service": 3}}, {"model": "waves.baseinput", "pk": 577, "fields": {"polymorphic_ctype": ["waves", "relatedinput"], "created": "2016-07-15T13:42:04Z", "updated": "2016-09-06T09:18:06Z", "order": 10, "description": "<p>fA, fC, fG and fT are floating numbers that correspond to the frequencies of A, C, G and T respectively (WARNING: do not use any blank space between your values of nucleotide frequencies, only commas!)</p>", "short_description": null, "label": "Custom frequencies", "name": "f_custom", "default": "", "type": "text", "param_type": 0, "format": "", "mandatory": false, "multiple": false, "editable": true, "display": "select", "service": 3}}, {"model": "waves.baseinput", "pk": 578, "fields": {"polymorphic_ctype": ["waves", "serviceinput"], "created": "2016-07-15T13:44:15Z", "updated": "2016-09-06T09:18:06Z", "order": 11, "description": "<p>Transition/transversion ratio. DNA sequences only. Can be a fixed positive value (ex:4.0) or e to get the maximum likelihood estimate.</p>", "short_description": null, "label": "Transversion ratio", "name": "ts/tv", "default": "e", "type": "text", "param_type": 1, "format": "", "mandatory": false, "multiple": false, "editable": true, "display": "select", "service": 3}}, {"model": "waves.baseinput", "pk": 579, "fields": {"polymorphic_ctype": ["waves", "serviceinput"], "created": "2016-07-15T13:44:15Z", "updated": "2016-09-06T09:18:06Z", "order": 12, "description": "", "short_description": null, "label": "Proportion of invariable sites", "name": "pinv", "default": "e", "type": "text", "param_type": 1, "format": "", "mandatory": false, "multiple": false, "editable": true, "display": "select", "service": 3}}, {"model": "waves.baseinput", "pk": 580, "fields": {"polymorphic_ctype": ["waves", "serviceinput"], "created": "2016-07-15T13:47:23Z", "updated": "2016-09-06T09:18:06Z", "order": 13, "description": "<p>Number of relative substitution rate categories. Default : nb_subst_cat=4.</p>", "short_description": null, "label": "Number of relative substitution", "name": "nclasses", "default": "4", "type": "number", "param_type": 1, "format": "0|", "mandatory": false, "multiple": false, "editable": true, "display": "select", "service": 3}}, {"model": "waves.baseinput", "pk": 581, "fields": {"polymorphic_ctype": ["waves", "serviceinput"], "created": "2016-07-15T13:47:23Z", "updated": "2016-09-06T09:18:06Z", "order": 14, "description": "<p>Distribution of the gamma distribution shape parameter. Can be a fixed positive value or e to get the maximum likelihood estimate.</p>", "short_description": null, "label": "Gamma distribution", "name": "alpha", "default": "e", "type": "text", "param_type": 1, "format": "", "mandatory": false, "multiple": false, "editable": true, "display": "select", "service": 3}}, {"model": "waves.baseinput", "pk": 582, "fields": {"polymorphic_ctype": ["waves", "serviceinput"], "created": "2016-07-15T13:47:23Z", "updated": "2016-09-06T09:18:06Z", "order": 15, "description": "<p>Tree topology search operation option</p>", "short_description": null, "label": "Tree topology search", "name": "search", "default": "NNI", "type": "select", "param_type": 1, "format": "NNI|NNI\r\nSPR|SPR\r\nBest of NNI and SPR|BEST", "mandatory": false, "multiple": false, "editable": true, "display": "select", "service": 3}}, {"model": "waves.baseinput", "pk": 583, "fields": {"polymorphic_ctype": ["waves", "serviceinput"], "created": "2016-07-15T13:50:26Z", "updated": "2016-09-06T09:18:06Z", "order": 16, "description": "<p>Starting tree. The tree must be in Newick format.</p>", "short_description": null, "label": "Starting tree", "name": "inputtree", "default": "", "type": "file", "param_type": 1, "format": ".nwk\r\n.txt", "mandatory": false, "multiple": false, "editable": true, "display": "select", "service": 3}}, {"model": "waves.baseinput", "pk": 584, "fields": {"polymorphic_ctype": ["waves", "serviceinput"], "created": "2016-07-15T13:50:26Z", "updated": "2016-09-06T09:18:06Z", "order": 17, "description": "<p>This option focuses on specific parameter optimisation</p>", "short_description": null, "label": "Parameter optimization", "name": "o", "default": "n", "type": "select", "param_type": 2, "format": "Topology, branch length, rate|tlr\r\nTopology, branch length|tl\r\nBranch length, rate|lr\r\nBranch length|l\r\nRate|r\r\nNone|n", "mandatory": false, "multiple": false, "editable": true, "display": "select", "service": 3}}, {"model": "waves.baseinput", "pk": 585, "fields": {"polymorphic_ctype": ["waves", "serviceinput"], "created": "2016-07-15T13:51:14Z", "updated": "2016-09-06T09:18:06Z", "order": 18, "description": "<p>This option sets the initial tree to random. It is only valid if SPR searches are to be performed.</p>", "short_description": null, "label": "Initial tree to random", "name": "rand_start", "default": "", "type": "boolean", "param_type": 5, "format": "", "mandatory": false, "multiple": false, "editable": true, "display": "select", "service": 3}}, {"model": "waves.baseinput", "pk": 586, "fields": {"polymorphic_ctype": ["waves", "relatedinput"], "created": "2016-07-15T13:52:18Z", "updated": "2016-09-06T09:18:06Z", "order": 19, "description": "<p>The number of initial random trees to be used. It is only valid if SPR searches are to be performed.</p>", "short_description": null, "label": "Number of initial random trees", "name": "n_rand_starts", "default": "1", "type": "number", "param_type": 1, "format": "", "mandatory": false, "multiple": false, "editable": true, "display": "select", "service": 3}}, {"model": "waves.baseinput", "pk": 587, "fields": {"polymorphic_ctype": ["waves", "serviceinput"], "created": "2016-07-15T13:54:58Z", "updated": "2016-09-06T09:18:06Z", "order": 20, "description": "", "short_description": null, "label": "Seed to initiate", "name": "r_seed", "default": "", "type": "number", "param_type": 1, "format": "0|", "mandatory": false, "multiple": false, "editable": true, "display": "select", "service": 3}}, {"model": "waves.baseinput", "pk": 588, "fields": {"polymorphic_ctype": ["waves", "serviceinput"], "created": "2016-07-15T13:54:58Z", "updated": "2016-09-06T09:18:06Z", "order": 21, "description": "", "short_description": null, "label": "Likehood log", "name": "print_site_lnl", "default": "True", "type": "boolean", "param_type": 5, "format": "", "mandatory": false, "multiple": false, "editable": false, "display": "select", "service": 3}}, {"model": "waves.baseinput", "pk": 589, "fields": {"polymorphic_ctype": ["waves", "serviceinput"], "created": "2016-07-15T13:54:58Z", "updated": "2016-09-06T09:18:06Z", "order": 22, "description": "", "short_description": null, "label": "Print trace", "name": "print_trace", "default": "True", "type": "boolean", "param_type": 5, "format": "", "mandatory": false, "multiple": false, "editable": false, "display": "select", "service": 3}}, {"model": "waves.baseinput", "pk": 590, "fields": {"polymorphic_ctype": ["waves", "serviceinput"], "created": "2016-07-15T13:54:58Z", "updated": "2016-09-06T09:18:06Z", "order": 23, "description": "", "short_description": null, "label": "Quiet Mode", "name": "quiet", "default": "True", "type": "boolean", "param_type": 5, "format": "", "mandatory": false, "multiple": false, "editable": false, "display": "select", "service": 3}}, {"model": "waves.baseinput", "pk": 591, "fields": {"polymorphic_ctype": ["waves", "serviceinput"], "created": "2016-09-08T12:15:27Z", "updated": "2016-09-08T12:16:43Z", "order": 0, "description": "<p>File containing source trees</p>", "short_description": "File containing source trees", "label": "Input File", "name": "file", "default": "", "type": "file", "param_type": 4, "format": "", "mandatory": true, "multiple": false, "editable": true, "display": "select", "service": 6}}, {"model": "waves.baseinput", "pk": 592, "fields": {"polymorphic_ctype": ["waves", "serviceinput"], "created": "2016-09-08T12:31:41Z", "updated": "2016-09-08T12:31:41Z", "order": 1, "description": "", "short_description": "", "label": "out_file", "name": "ouput_name", "default": "ratchet", "type": "text", "param_type": 0, "format": "", "mandatory": false, "multiple": false, "editable": false, "display": "select", "service": 6}}, {"model": "waves.baseinput", "pk": 593, "fields": {"polymorphic_ctype": ["waves", "serviceinput"], "created": "2016-09-21T08:42:35Z", "updated": "2016-09-21T08:42:35Z", "order": 0, "description": "", "short_description": "", "label": "First Genome", "name": "g1", "default": "", "type": "file", "param_type": 2, "format": "", "mandatory": true, "multiple": false, "editable": true, "display": "select", "service": 7}}, {"model": "waves.baseinput", "pk": 594, "fields": {"polymorphic_ctype": ["waves", "serviceinput"], "created": "2016-09-21T08:42:35Z", "updated": "2016-09-21T08:42:35Z", "order": 1, "description": "", "short_description": "", "label": "Second Genome", "name": "g2", "default": "", "type": "file", "param_type": 2, "format": "", "mandatory": true, "multiple": false, "editable": true, "display": "select", "service": 7}}, {"model": "waves.baseinput", "pk": 595, "fields": {"polymorphic_ctype": ["waves", "serviceinput"], "created": "2016-09-21T08:42:35Z", "updated": "2016-09-21T08:42:35Z", "order": 2, "description": "", "short_description": "", "label": "Kmer size", "name": "k", "default": "21", "type": "number", "param_type": 2, "format": "", "mandatory": false, "multiple": false, "editable": true, "display": "select", "service": 7}}, {"model": "waves.relatedinput", "pk": 388, "fields": {"when_value": "d", "related_to": 481}}, {"model": "waves.relatedinput", "pk": 389, "fields": {"when_value": "p", "related_to": 481}}, {"model": "waves.relatedinput", "pk": 519, "fields": {"when_value": "True", "related_to": 487}}, {"model": "waves.relatedinput", "pk": 526, "fields": {"when_value": "True", "related_to": 522}}, {"model": "waves.relatedinput", "pk": 527, "fields": {"when_value": "True", "related_to": 523}}, {"model": "waves.relatedinput", "pk": 574, "fields": {"when_value": "dna", "related_to": 573}}, {"model": "waves.relatedinput", "pk": 575, "fields": {"when_value": "aa", "related_to": 573}}, {"model": "waves.relatedinput", "pk": 577, "fields": {"when_value": "custom", "related_to": 576}}, {"model": "waves.relatedinput", "pk": 586, "fields": {"when_value": "True", "related_to": 585}}, {"model": "waves.serviceoutput", "pk": 149, "fields": {"created": "2016-06-08T15:00:35Z", "updated": "2016-08-29T16:56:00Z", "order": 0, "description": "<p>Issued from input &#39;fileout_label&#39;</p>", "short_description": "", "name": "Infered Tree", "service": 33, "related_from_input": 480, "from_input": true, "ext": "txt", "may_be_empty": true, "file_pattern": null}}, {"model": "waves.serviceoutput", "pk": 150, "fields": {"created": "2016-06-08T15:00:35Z", "updated": "2016-08-29T16:56:00Z", "order": 1, "description": "<p>FastME Information</p>", "short_description": "", "name": "Execution Information", "service": 33, "related_from_input": 563, "from_input": true, "ext": "txt", "may_be_empty": true, "file_pattern": null}}, {"model": "waves.serviceoutput", "pk": 151, "fields": {"created": "2016-06-08T15:00:35Z", "updated": "2016-08-29T16:56:00Z", "order": 2, "description": "<p>FastME Bootstrap trees</p>", "short_description": "", "name": "Boostrap trees", "service": 33, "related_from_input": 565, "from_input": true, "ext": "txt", "may_be_empty": true, "file_pattern": null}}, {"model": "waves.serviceoutput", "pk": 152, "fields": {"created": "2016-06-08T15:00:35Z", "updated": "2016-08-29T16:56:00Z", "order": 3, "description": "<p>FastME Distance matrix</p>", "short_description": "", "name": "Computed Matrix", "service": 33, "related_from_input": 564, "from_input": true, "ext": "txt", "may_be_empty": true, "file_pattern": null}}, {"model": "waves.serviceoutput", "pk": 159, "fields": {"created": "2016-06-21T09:39:15Z", "updated": "2016-09-12T13:48:04Z", "order": 0, "description": "<p>The supertree inferred by PhySIC_IST is outputted in Newick format in the command-line terminal.</p>", "short_description": "Inferred supertree computed bu Physic_ist", "name": "Inferred supertree", "service": 35, "related_from_input": 566, "from_input": true, "ext": "txt", "may_be_empty": false, "file_pattern": "%s"}}, {"model": "waves.serviceoutput", "pk": 166, "fields": {"created": "2016-07-15T12:47:42Z", "updated": "2016-09-12T13:48:04Z", "order": 1, "description": "<p>Contains the new source trees after they have been corrected for detected anomalies with respect to other source trees</p>", "short_description": "", "name": "New source trees", "service": 35, "related_from_input": 524, "from_input": true, "ext": "txt", "may_be_empty": true, "file_pattern": "%s"}}, {"model": "waves.serviceoutput", "pk": 167, "fields": {"created": "2016-09-02T08:11:49Z", "updated": "2016-09-02T08:11:49Z", "order": 0, "description": null, "short_description": "Likehood steps followup", "name": "Likehood steps", "service": 37, "related_from_input": 567, "from_input": true, "ext": ".txt", "may_be_empty": true, "file_pattern": "%s_phyml_lk.txt"}}, {"model": "waves.serviceoutput", "pk": 168, "fields": {"created": "2016-09-02T08:11:49Z", "updated": "2016-09-02T08:11:49Z", "order": 1, "description": null, "short_description": "PhyML run stats", "name": "Run stats", "service": 37, "related_from_input": 567, "from_input": true, "ext": ".txt", "may_be_empty": true, "file_pattern": "%s_phyml_stats.txt"}}, {"model": "waves.serviceoutput", "pk": 169, "fields": {"created": "2016-09-02T08:11:49Z", "updated": "2016-09-02T08:11:49Z", "order": 2, "description": null, "short_description": "Program trace", "name": "Run trace", "service": 37, "related_from_input": 567, "from_input": true, "ext": ".txt", "may_be_empty": true, "file_pattern": "%s_phyml_trace.txt"}}, {"model": "waves.serviceoutput", "pk": 170, "fields": {"created": "2016-09-02T08:11:49Z", "updated": "2016-09-02T08:11:49Z", "order": 3, "description": null, "short_description": "Result tree obtained by PhyML", "name": "Best likehood tree", "service": 37, "related_from_input": 567, "from_input": true, "ext": ".txt", "may_be_empty": true, "file_pattern": "%s_phyml_tree.txt"}}, {"model": "waves.serviceoutput", "pk": 171, "fields": {"created": "2016-09-08T12:34:14Z", "updated": "2016-09-08T12:34:14Z", "order": 0, "description": null, "short_description": "", "name": "GMRP", "service": 39, "related_from_input": 592, "from_input": true, "ext": ".txt", "may_be_empty": false, "file_pattern": "%s.gmrp"}}, {"model": "waves.serviceoutput", "pk": 172, "fields": {"created": "2016-09-08T12:34:14Z", "updated": "2016-09-08T12:34:14Z", "order": 1, "description": null, "short_description": "", "name": "LOG", "service": 39, "related_from_input": 592, "from_input": true, "ext": ".txt", "may_be_empty": false, "file_pattern": "%s.log"}}, {"model": "waves.serviceoutput", "pk": 173, "fields": {"created": "2016-09-08T12:34:14Z", "updated": "2016-09-08T12:34:14Z", "order": 2, "description": null, "short_description": "", "name": "MMRP", "service": 39, "related_from_input": 592, "from_input": true, "ext": ".txt", "may_be_empty": false, "file_pattern": "%s.mmrp"}}, {"model": "waves.serviceoutput", "pk": 174, "fields": {"created": "2016-09-08T12:34:14Z", "updated": "2016-09-08T12:34:14Z", "order": 3, "description": null, "short_description": "", "name": "SMRP", "service": 39, "related_from_input": 592, "from_input": true, "ext": ".txt", "may_be_empty": false, "file_pattern": "%s.smrp"}}, {"model": "waves.serviceoutput", "pk": 175, "fields": {"created": "2016-09-08T12:34:14Z", "updated": "2016-09-08T12:34:14Z", "order": 4, "description": null, "short_description": "", "name": "TRE", "service": 39, "related_from_input": 592, "from_input": true, "ext": ".txt", "may_be_empty": false, "file_pattern": "%s.tre"}}, {"model": "waves.serviceoutput", "pk": 176, "fields": {"created": "2016-09-08T12:34:14Z", "updated": "2016-09-08T12:34:14Z", "order": 5, "description": null, "short_description": "", "name": "NEX", "service": 39, "related_from_input": 592, "from_input": true, "ext": ".txt", "may_be_empty": false, "file_pattern": "%s.tre.nex"}}, {"model": "waves.serviceoutputfrominputsubmission", "pk": 1, "fields": {"srv_output": 149, "submission": 2, "srv_input": 480}}, {"model": "waves.serviceoutputfrominputsubmission", "pk": 2, "fields": {"srv_output": 150, "submission": 2, "srv_input": 563}}, {"model": "waves.serviceoutputfrominputsubmission", "pk": 3, "fields": {"srv_output": 151, "submission": 2, "srv_input": 565}}, {"model": "waves.serviceoutputfrominputsubmission", "pk": 4, "fields": {"srv_output": 152, "submission": 2, "srv_input": 564}}, {"model": "waves.serviceoutputfrominputsubmission", "pk": 5, "fields": {"srv_output": 159, "submission": 4, "srv_input": 566}}, {"model": "waves.serviceoutputfrominputsubmission", "pk": 6, "fields": {"srv_output": 166, "submission": 4, "srv_input": 524}}, {"model": "waves.serviceoutputfrominputsubmission", "pk": 7, "fields": {"srv_output": 167, "submission": 3, "srv_input": 567}}, {"model": "waves.serviceoutputfrominputsubmission", "pk": 8, "fields": {"srv_output": 168, "submission": 3, "srv_input": 567}}, {"model": "waves.serviceoutputfrominputsubmission", "pk": 9, "fields": {"srv_output": 169, "submission": 3, "srv_input": 567}}, {"model": "waves.serviceoutputfrominputsubmission", "pk": 10, "fields": {"srv_output": 170, "submission": 3, "srv_input": 567}}, {"model": "waves.serviceoutputfrominputsubmission", "pk": 11, "fields": {"srv_output": 171, "submission": 6, "srv_input": 592}}, {"model": "waves.serviceoutputfrominputsubmission", "pk": 12, "fields": {"srv_output": 172, "submission": 6, "srv_input": 592}}, {"model": "waves.serviceoutputfrominputsubmission", "pk": 13, "fields": {"srv_output": 173, "submission": 6, "srv_input": 592}}, {"model": "waves.serviceoutputfrominputsubmission", "pk": 14, "fields": {"srv_output": 174, "submission": 6, "srv_input": 592}}, {"model": "waves.serviceoutputfrominputsubmission", "pk": 15, "fields": {"srv_output": 175, "submission": 6, "srv_input": 592}}, {"model": "waves.serviceoutputfrominputsubmission", "pk": 16, "fields": {"srv_output": 176, "submission": 6, "srv_input": 592}}, {"model": "waves.servicemeta", "pk": 105, "fields": {"order": 0, "description": "", "short_description": null, "type": "website", "title": "Paper and Supplementary material", "value": "http://www.atgc-montpellier.fr/fastme/paper.php", "is_url": true, "service": 33}}, {"model": "waves.servicemeta", "pk": 106, "fields": {"order": 1, "description": "", "short_description": null, "type": "doc", "title": "User guide", "value": "http://www.atgc-montpellier.fr/fastme/usersguide.php", "is_url": true, "service": 33}}, {"model": "waves.servicemeta", "pk": 107, "fields": {"order": 2, "description": "<p>Archive (.zip) containing : - 20 input alignments used to compare distance methods (NJ, NJ+OLSME, BioNJ, NJ+NNI, NJ+SPR, NJ+SPR-?, FastTree1) - 140 inferred trees and corresponding log-likelihoods - 1 resuming sheet (.xls and .ods)</p>", "short_description": null, "type": "download", "title": "Downloads", "value": "http://www.atgc-montpellier.fr/download/datasets/fastme/FastME-2.0_SupMat.zip", "is_url": true, "service": 33}}, {"model": "waves.servicemeta", "pk": 108, "fields": {"order": 3, "description": "<p>&quot;New Algorithms and Methods to Estimate Maximum-Likelihood Phylogenies: Assessing the Performance of PhyML 3.0.&quot; Guindon S., Dufayard J.F., Lefort V., Anisimova M., Hordijk W., Gascuel O. Systematic Biology, 59(3):307-21, 2010.</p>", "short_description": null, "type": "cite", "title": "Please cite", "value": "", "is_url": false, "service": 33}}, {"model": "waves.servicemeta", "pk": 109, "fields": {"order": 4, "description": "<p>fastme [-i input data file] [-u input user tree file] [-o output tree file] [-O output matrix file] [-I output information file] [-B output bootstrap trees file] [-a] [-m method] [ -D[model] | -P[model] ] [-r] [-e] [-g[alpha]] [-n[NNI]] [-s] [-w branch] [-d datasets] [-b replicates] [-z seed] [-c] [-v] [-V] [-h]</p>", "short_description": null, "type": "cmd", "title": "Synopsis", "value": "", "is_url": false, "service": 33}}, {"model": "waves.servicemeta", "pk": 113, "fields": {"order": 0, "description": "<p>./PhySIC_IST -s sourceTreeFile -o outTreePath -t myTreeFile -b boostrap_threshold -c correction_threshold -f newForestFile -r outgroupsFile</p>", "short_description": null, "type": "cmd", "title": "Usage", "value": "Command line", "is_url": false, "service": 35}}, {"model": "waves.servicemeta", "pk": 114, "fields": {"order": 1, "description": "<p>&quot;PhySIC_IST: cleaning source trees to infer more informative supertrees.&quot; Scornavacca C., Berry V., Lefort V., Douzery E.J.P. and Ranwez V. BMC Bioinformatics. 2008, Oct 4;9:413</p>", "short_description": null, "type": "cite", "title": "Please cite", "value": "http://mbe.oxfordjournals.org/content/early/2015/06/29/molbev.msv150.abstract?keytype=ref&ijkey=nzj33seASld27Gs", "is_url": true, "service": 35}}, {"model": "waves.servicemeta", "pk": 115, "fields": {"order": 2, "description": "", "short_description": null, "type": "website", "title": "Papers and contact", "value": "http://www.atgc-montpellier.fr/physic_ist/paper.php", "is_url": true, "service": 35}}, {"model": "waves.servicemeta", "pk": 116, "fields": {"order": 3, "description": "", "short_description": null, "type": "download", "title": "Download program", "value": "http://www.atgc-montpellier.fr/physic_ist/binaries.php", "is_url": true, "service": 35}}, {"model": "waves.servicemeta", "pk": 117, "fields": {"order": 0, "description": "<p>User guide</p>", "short_description": null, "type": "doc", "title": "", "value": "http://www.atgc-montpellier.fr/phyml/usersguide.php", "is_url": true, "service": 37}}, {"model": "waves.servicemeta", "pk": 118, "fields": {"order": 1, "description": "<p>PhyML datasets</p>", "short_description": null, "type": "misc", "title": "", "value": "http://www.atgc-montpellier.fr/phyml/datasets.php", "is_url": true, "service": 37}}, {"model": "waves.servicemeta", "pk": 119, "fields": {"order": 2, "description": "<p>Download links</p>", "short_description": null, "type": "download", "title": "", "value": "http://www.atgc-montpellier.fr/phyml/binaries.php", "is_url": true, "service": 37}}, {"model": "waves.servicemeta", "pk": 120, "fields": {"order": 3, "description": "<p>PhyML FAQ</p>", "short_description": null, "type": "misc", "title": "", "value": "http://www.atgc-montpellier.fr/phyml/faq.php", "is_url": true, "service": 37}}, {"model": "waves.servicemeta", "pk": 121, "fields": {"order": 4, "description": "<p>Papers and contact</p>", "short_description": null, "type": "paper", "title": "", "value": "http://www.atgc-montpellier.fr/phyml/paper.php", "is_url": true, "service": 37}}, {"model": "waves.servicemeta", "pk": 122, "fields": {"order": 5, "description": "<p>PhyML versions</p>", "short_description": null, "type": "misc", "title": "", "value": "http://www.atgc-montpellier.fr/phyml/versions.php", "is_url": true, "service": 37}}, {"model": "waves.wavessite", "pk": 1, "fields": {"site": 1, "theme": "flatly"}}]