[{"model": "waves.runner", "pk": 1, "fields": {"description": "<p>Galaxy Platform service runner, may be used from another host.</p>", "short_description": null, "name": "Galaxy Job Runner", "available": true, "clazz": "waves.runners.GalaxyJobRunner"}}, {"model": "waves.runner", "pk": 7, "fields": {"description": "<p>Our SGE server allow to run scripts on mutiple calculation cluster...</p>", "short_description": null, "name": "SGE Job Runner", "available": true, "clazz": "waves.runners.SGEJobRunner"}}, {"model": "waves.runner", "pk": 8, "fields": {"description": "<p>A sample Workflow runner</p>", "short_description": null, "name": "Galaxy WorkflowRunner", "available": true, "clazz": "waves.runners.GalaxyWorkFlowRunner"}}, {"model": "waves.runnerparam", "pk": 382, "fields": {"name": "sge_cell", "default": "default", "runner": 7}}, {"model": "waves.runnerparam", "pk": 383, "fields": {"name": "drmaa_lib", "default": "/usr/lib/libdrmaa.so", "runner": 7}}, {"model": "waves.runnerparam", "pk": 384, "fields": {"name": "sge_root", "default": "/var/lib/gridengine", "runner": 7}}, {"model": "waves.runnerparam", "pk": 385, "fields": {"name": "command", "default": "", "runner": 7}}, {"model": "waves.runnerparam", "pk": 395, "fields": {"name": "host", "default": "http://193.49.107.31", "runner": 1}}, {"model": "waves.runnerparam", "pk": 396, "fields": {"name": "remote_tool_id", "default": null, "runner": 1}}, {"model": "waves.runnerparam", "pk": 397, "fields": {"name": "library_dir", "default": "waves_library", "runner": 1}}, {"model": "waves.runnerparam", "pk": 398, "fields": {"name": "app_key", "default": "806dcbdca2b8bb34f2693cbf318a358e", "runner": 1}}, {"model": "waves.runnerparam", "pk": 399, "fields": {"name": "port", "default": "8080", "runner": 1}}, {"model": "waves.runnerparam", "pk": 400, "fields": {"name": "host", "default": "http://127.0.0.1", "runner": 8}}, {"model": "waves.runnerparam", "pk": 401, "fields": {"name": "remote_tool_id", "default": null, "runner": 8}}, {"model": "waves.runnerparam", "pk": 402, "fields": {"name": "library_dir", "default": "", "runner": 8}}, {"model": "waves.runnerparam", "pk": 403, "fields": {"name": "app_key", "default": "806dcbdca2b8bb34f2693cbf318a358e", "runner": 8}}, {"model": "waves.runnerparam", "pk": 404, "fields": {"name": "port", "default": "8080", "runner": 8}}, {"model": "waves.servicerunnerparam", "pk": 87, "fields": {"service": 2, "param": 382, "value": "default"}}, {"model": "waves.servicerunnerparam", "pk": 88, "fields": {"service": 2, "param": 383, "value": "/usr/lib/libdrmaa.so"}}, {"model": "waves.servicerunnerparam", "pk": 89, "fields": {"service": 2, "param": 384, "value": "/var/lib/gridengine"}}, {"model": "waves.servicerunnerparam", "pk": 90, "fields": {"service": 2, "param": 385, "value": "sample_command"}}, {"model": "waves.servicerunnerparam", "pk": 101, "fields": {"service": 1, "param": 395, "value": "http://193.49.107.31"}}, {"model": "waves.servicerunnerparam", "pk": 102, "fields": {"service": 1, "param": 396, "value": "testtoolshed.g2.bx.psu.edu/repos/gandres/fastme/fastme/2.1.4.2"}}, {"model": "waves.servicerunnerparam", "pk": 103, "fields": {"service": 1, "param": 397, "value": ""}}, {"model": "waves.servicerunnerparam", "pk": 104, "fields": {"service": 1, "param": 398, "value": "806dcbdca2b8bb34f2693cbf318a358e"}}, {"model": "waves.servicerunnerparam", "pk": 105, "fields": {"service": 1, "param": 399, "value": "8080"}}, {"model": "waves.servicerunnerparam", "pk": 141, "fields": {"service": 26, "param": 395, "value": "http://127.0.0.1"}}, {"model": "waves.servicerunnerparam", "pk": 142, "fields": {"service": 26, "param": 396, "value": "testtoolshed.g2.bx.psu.edu/repos/rnateam/mafft/rbc_mafft/7.221.3"}}, {"model": "waves.servicerunnerparam", "pk": 143, "fields": {"service": 26, "param": 397, "value": null}}, {"model": "waves.servicerunnerparam", "pk": 144, "fields": {"service": 26, "param": 398, "value": "806dcbdca2b8bb34f2693cbf318a358e"}}, {"model": "waves.servicerunnerparam", "pk": 145, "fields": {"service": 26, "param": 399, "value": "8080"}}, {"model": "waves.servicerunnerparam", "pk": 146, "fields": {"service": 3, "param": 400, "value": "http://127.0.0.1"}}, {"model": "waves.servicerunnerparam", "pk": 147, "fields": {"service": 3, "param": 401, "value": "f2db41e1fa331b3e"}}, {"model": "waves.servicerunnerparam", "pk": 148, "fields": {"service": 3, "param": 402, "value": ""}}, {"model": "waves.servicerunnerparam", "pk": 149, "fields": {"service": 3, "param": 403, "value": "806dcbdca2b8bb34f2693cbf318a358e"}}, {"model": "waves.servicerunnerparam", "pk": 150, "fields": {"service": 3, "param": 404, "value": "8080"}}, {"model": "waves.servicerunnerparam", "pk": 225, "fields": {"service": 33, "param": 382, "value": "default"}}, {"model": "waves.servicerunnerparam", "pk": 226, "fields": {"service": 33, "param": 383, "value": "/usr/lib/libdrmaa.so"}}, {"model": "waves.servicerunnerparam", "pk": 227, "fields": {"service": 33, "param": 384, "value": "/var/lib/gridengine"}}, {"model": "waves.servicerunnerparam", "pk": 228, "fields": {"service": 33, "param": 385, "value": "fastme"}}, {"model": "waves.servicerunnerparam", "pk": 233, "fields": {"service": 35, "param": 382, "value": "default"}}, {"model": "waves.servicerunnerparam", "pk": 234, "fields": {"service": 35, "param": 383, "value": "/usr/lib/libdrmaa.so"}}, {"model": "waves.servicerunnerparam", "pk": 235, "fields": {"service": 35, "param": 384, "value": "/var/lib/gridengine"}}, {"model": "waves.servicerunnerparam", "pk": 236, "fields": {"service": 35, "param": 385, "value": "/home/marc/grams/tools/PhySIC_IST_v1.0.1/PhySIC_IST_Linux32"}}, {"model": "waves.servicecategory", "pk": 1, "fields": {"order": 0, "description": "<p>This is long description</p>", "short_description": "This is short description", "name": "Supertrees", "ref": "", "api_name": "supertrees", "parent": 2, "lft": 2, "rght": 3, "tree_id": 1, "level": 1}}, {"model": "waves.servicecategory", "pk": 2, "fields": {"order": 0, "description": "<p>This is full htlml description</p>", "short_description": "This is short description", "name": "Phylogenetics", "ref": "", "api_name": "phylogenetics", "parent": null, "lft": 1, "rght": 6, "tree_id": 1, "level": 0}}, {"model": "waves.servicecategory", "pk": 3, "fields": {"order": 0, "description": "<p>This is not long</p>", "short_description": "This is short", "name": "Sequences tools", "ref": "", "api_name": "sequences_tools", "parent": null, "lft": 1, "rght": 4, "tree_id": 2, "level": 0}}, {"model": "waves.servicecategory", "pk": 4, "fields": {"order": 0, "description": "<p>Sequence long</p>", "short_description": "Sequence short", "name": "Sequences alignement", "ref": "", "api_name": "sequences_alignement", "parent": 3, "lft": 2, "rght": 3, "tree_id": 2, "level": 1}}, {"model": "waves.servicecategory", "pk": 5, "fields": {"order": 0, "description": "<p>Reconciliations long text</p>", "short_description": "Reconciliations", "name": "Trees Reconciliation", "ref": "", "api_name": "trees_reconciliation", "parent": 2, "lft": 4, "rght": 5, "tree_id": 1, "level": 1}}, {"model": "waves.service", "pk": 1, "fields": {"created": "2016-05-11T14:07:16.449Z", "updated": "2016-07-06T15:47:02.646Z", "description": "<p>Distance-based inference of phylogenetic trees</p>", "short_description": "Distance-based inference of phylogenetic trees", "name": "FastME", "api_name": "fast_me_2_1_4_2_1", "version": "2.1.4.2", "run_on_version": null, "run_on": 1, "clazz": "", "category": 2, "status": 3, "api_on": true, "email_on": true, "partial": false, "authorized_clients": []}}, {"model": "waves.service", "pk": 2, "fields": {"created": "2016-05-19T11:13:49.242Z", "updated": "2016-06-22T09:22:29.216Z", "description": "<p>This is a sample SGE runnable service.</p>", "short_description": "This is a sample SGE runnable service.", "name": "Sample Service", "api_name": "sge_service", "version": "1.0", "run_on_version": null, "run_on": 7, "clazz": "", "category": 3, "status": 1, "api_on": true, "email_on": true, "partial": false, "authorized_clients": []}}, {"model": "waves.service", "pk": 3, "fields": {"created": "2016-05-19T07:56:26.130Z", "updated": "2016-06-09T08:50:50.887Z", "description": "<p>interspecies conservation scores</p>", "short_description": "OneClick_FastMe_PhylogenyAnalysis (imported from uploaded file)", "name": "OneClick_FastMe_PhylogenyAnalysis", "api_name": "one_click_fast_me_phylogeny_analysis", "version": "1.0.0", "run_on_version": null, "run_on": 8, "clazz": "", "category": 3, "status": 0, "api_on": true, "email_on": true, "partial": false, "authorized_clients": []}}, {"model": "waves.service", "pk": 26, "fields": {"created": "2016-05-30T13:44:44.069Z", "updated": "2016-07-06T15:01:51.956Z", "description": "<p>Multiple alignment program for amino acid or nucleotide sequences</p>", "short_description": "Multiple alignment program for amino acid or nucleotide sequences", "name": "MAFFT", "api_name": "mafft_7_221_3", "version": "7.221.3", "run_on_version": null, "run_on": 1, "clazz": "", "category": 4, "status": 3, "api_on": true, "email_on": true, "partial": false, "authorized_clients": []}}, {"model": "waves.service", "pk": 33, "fields": {"created": "2016-06-08T15:00:34.958Z", "updated": "2016-07-06T15:37:42.391Z", "description": "<p>Distance-based inference of phylogenetic trees</p>", "short_description": "Distance-based inference of phylogenetic trees", "name": "FastME", "api_name": "fast_me_2_1_4_2_2", "version": "2.1.4", "run_on_version": null, "run_on": 7, "clazz": "", "category": 2, "status": 0, "api_on": true, "email_on": true, "partial": false, "authorized_clients": []}}, {"model": "waves.service", "pk": 34, "fields": {"created": "2016-06-20T10:36:40.980Z", "updated": "2016-06-20T10:36:40.980Z", "description": "", "short_description": "", "name": "Supertree MRP", "api_name": "supertree_mrp_1_0", "version": "1.0", "run_on_version": null, "run_on": null, "clazz": "", "category": 1, "status": 3, "api_on": true, "email_on": true, "partial": false, "authorized_clients": []}}, {"model": "waves.service", "pk": 35, "fields": {"created": "2016-06-20T10:38:08.994Z", "updated": "2016-06-23T12:45:21.358Z", "description": "", "short_description": "", "name": "Physic_IST", "api_name": "physic_ist_1_0_2_2_2_2_2", "version": "1.0", "run_on_version": null, "run_on": 7, "clazz": "", "category": 1, "status": 3, "api_on": true, "email_on": true, "partial": false, "authorized_clients": []}}, {"model": "waves.service", "pk": 36, "fields": {"created": "2016-06-20T10:40:20.783Z", "updated": "2016-06-20T10:40:20.783Z", "description": "", "short_description": "", "name": "Pareto-optimal phylogenetic tree", "api_name": "pareto_optimal_phylogenetic_tree_1_0", "version": "1.0", "run_on_version": null, "run_on": null, "clazz": "", "category": 5, "status": 3, "api_on": true, "email_on": true, "partial": false, "authorized_clients": []}}, {"model": "waves.serviceinput", "pk": 169, "fields": {"created": "2016-05-19T13:27:31.271Z", "updated": "2016-06-22T09:22:29.223Z", "order": 0, "description": "", "short_description": null, "label": "Sample Label 1", "name": "first", "default": "", "type": "file", "param_type": 1, "format": "", "service": 2, "mandatory": true, "multiple": true, "editable": true, "display": "select"}}, {"model": "waves.serviceinput", "pk": 170, "fields": {"created": "2016-05-19T13:31:33.741Z", "updated": "2016-05-31T12:21:27.145Z", "order": 1, "description": "", "short_description": null, "label": "Second position Parameter", "name": "second", "default": "", "type": "text", "param_type": 1, "format": "", "service": 2, "mandatory": true, "multiple": false, "editable": true, "display": "select"}}, {"model": "waves.serviceinput", "pk": 388, "fields": {"created": "2016-05-26T14:29:33.898Z", "updated": "2016-07-06T14:52:10.111Z", "order": 17, "description": "", "short_description": null, "label": "Evolutionary model", "name": "dna", "default": "4", "type": "select", "param_type": 1, "format": "F84|4\r\nRY|R\r\nF81|1\r\nJC69|J\r\nK2P|K\r\nTN93|T\r\np-distance|p\r\nLogDet|L", "service": 33, "mandatory": false, "multiple": false, "editable": true, "display": "select"}}, {"model": "waves.serviceinput", "pk": 389, "fields": {"created": "2016-05-26T14:29:33.900Z", "updated": "2016-07-06T15:37:42.422Z", "order": 18, "description": "", "short_description": null, "label": "Evolutionary model", "name": "--protein", "default": "L", "type": "select", "param_type": 1, "format": "LG|L\r\nWAG|W\r\nJTT|J\r\nDay off|h\r\nCpRev|C\r\nDCMut|D\r\nHIVb|b\r\nHIVw|I\r\nMtREV|M\r\nRtREV|R\r\np-distance|p", "service": 33, "mandatory": false, "multiple": false, "editable": true, "display": "select"}}, {"model": "waves.serviceinput", "pk": 424, "fields": {"created": "2016-06-08T14:15:20.990Z", "updated": "2016-06-08T14:15:20.990Z", "order": 0, "description": null, "short_description": null, "label": "Input Dataset", "name": "Input Dataset", "default": "", "type": "file", "param_type": 4, "format": null, "service": 3, "mandatory": true, "multiple": false, "editable": true, "display": "select"}}, {"model": "waves.serviceinput", "pk": 479, "fields": {"created": "2016-06-08T15:00:35.046Z", "updated": "2016-07-06T14:45:22.959Z", "order": 0, "description": "Phylip Alignment or Matrix file", "short_description": null, "label": "Fastme input", "name": "input_data", "default": "", "type": "file", "param_type": 1, "format": "Phylip|phy", "service": 33, "mandatory": true, "multiple": false, "editable": true, "display": "select"}}, {"model": "waves.serviceinput", "pk": 480, "fields": {"created": "2016-06-08T15:00:35.052Z", "updated": "2016-06-08T15:45:11.303Z", "order": 1, "description": "Output name for files", "short_description": null, "label": "Output name", "name": "output_tree", "default": "Newick tree", "type": "text", "param_type": 1, "format": "", "service": 33, "mandatory": true, "multiple": false, "editable": true, "display": "select"}}, {"model": "waves.serviceinput", "pk": 481, "fields": {"created": "2016-06-08T15:00:35.059Z", "updated": "2016-07-06T15:37:42.402Z", "order": 2, "description": "", "short_description": null, "label": "Data type", "name": "typeChoice", "default": "d", "type": "select", "param_type": 0, "format": "DNA|d\r\nProtein|p\r\nMatrix|m\r\nConfig file|cfg", "service": 33, "mandatory": true, "multiple": true, "editable": true, "display": "mselect"}}, {"model": "waves.serviceinput", "pk": 482, "fields": {"created": "2016-06-08T15:00:35.084Z", "updated": "2016-06-17T14:06:24.925Z", "order": 3, "description": "By default, frequencies are globally counted from the nucleotides alignment or defined by the proteic substitution model. By checking the box, frequencies are pairwise estimated by counting the nucleotides or estimated by counting the amino-acids in the alignment.", "short_description": null, "label": "Equilibrium frequencies", "name": "equilibrium", "default": "False", "type": "boolean", "param_type": 5, "format": "", "service": 33, "mandatory": true, "multiple": false, "editable": true, "display": "select"}}, {"model": "waves.serviceinput", "pk": 483, "fields": {"created": "2016-06-08T15:00:35.092Z", "updated": "2016-06-08T15:45:11.339Z", "order": 4, "description": "", "short_description": null, "label": "Gamma distributed rates across sites", "name": "gamma", "default": "1.0", "type": "float", "param_type": 1, "format": "", "service": 33, "mandatory": true, "multiple": false, "editable": true, "display": "select"}}, {"model": "waves.serviceinput", "pk": 484, "fields": {"created": "2016-06-08T15:00:35.106Z", "updated": "2016-06-17T14:06:34.861Z", "order": 5, "description": "Use this option to completely remove any site which has a gap in any sequence. By default, FastME is doing pairwise deletion of gaps.", "short_description": null, "label": "Remove gap strategy", "name": "remove_gap", "default": "", "type": "boolean", "param_type": 5, "format": "", "service": 33, "mandatory": true, "multiple": false, "editable": true, "display": "select"}}, {"model": "waves.serviceinput", "pk": 485, "fields": {"created": "2016-06-08T15:00:35.111Z", "updated": "2016-07-06T14:32:43.309Z", "order": 6, "description": "", "short_description": null, "label": "Distance algorithm", "name": "method", "default": "I:TaxAdd BalME", "type": "select", "param_type": 1, "format": "BIONJ|I:TaxAdd BalME|B:TaxAdd OLSME|O:NJ|N:UNJ|U", "service": 33, "mandatory": true, "multiple": false, "editable": true, "display": "select"}}, {"model": "waves.serviceinput", "pk": 486, "fields": {"created": "2016-06-08T15:00:35.117Z", "updated": "2016-07-06T14:32:43.313Z", "order": 8, "description": "Use this option to do [NNI] tree topology improvement. You may choose the [NNI] type from: NNI_(B)alME (default) or NNI_(O)LS", "short_description": null, "label": "Tree Refinement", "name": "nni", "default": "None:OLS NNI", "type": "select", "param_type": 1, "format": "None|None:OLS NNI|O:BalME NNI|B", "service": 33, "mandatory": true, "multiple": false, "editable": true, "display": "select"}}, {"model": "waves.serviceinput", "pk": 487, "fields": {"created": "2016-06-08T15:00:35.125Z", "updated": "2016-06-17T13:18:04.681Z", "order": 9, "description": "", "short_description": null, "label": "Bootstrap", "name": "use_bootstrap", "default": "False", "type": "boolean", "param_type": 0, "format": "", "service": 33, "mandatory": false, "multiple": false, "editable": true, "display": "select"}}, {"model": "waves.serviceinput", "pk": 488, "fields": {"created": "2016-06-08T15:41:49.834Z", "updated": "2016-06-17T14:06:47.078Z", "order": 7, "description": "Use this option to do SPR tree topology improvement", "short_description": null, "label": "SPR Pruning", "name": "spr", "default": "", "type": "boolean", "param_type": 5, "format": "", "service": 33, "mandatory": false, "multiple": false, "editable": true, "display": "select"}}, {"model": "waves.serviceinput", "pk": 518, "fields": {"created": "2016-06-13T10:27:01.682Z", "updated": "2016-06-13T10:27:01.682Z", "order": 2, "description": "", "short_description": null, "label": "qsdqsd", "name": "blabla", "default": "", "type": "file", "param_type": 1, "format": "", "service": 2, "mandatory": false, "multiple": false, "editable": true, "display": "select"}}, {"model": "waves.serviceinput", "pk": 519, "fields": {"created": "2016-06-17T13:10:00.196Z", "updated": "2016-06-17T13:12:33.416Z", "order": 0, "description": "", "short_description": null, "label": "Bootstrap count", "name": "bootstrap", "default": "1000", "type": "number", "param_type": 1, "format": "", "service": 33, "mandatory": false, "multiple": false, "editable": true, "display": "select"}}, {"model": "waves.serviceinput", "pk": 520, "fields": {"created": "2016-06-21T09:39:15.650Z", "updated": "2016-06-21T09:39:15.650Z", "order": 0, "description": "The source trees have to be contained in a text file (e.g., named \"sourceTreeFile\") with trees written in the Newick format.", "short_description": null, "label": "Source Tree File", "name": "s", "default": "", "type": "file", "param_type": 2, "format": "", "service": 35, "mandatory": true, "multiple": false, "editable": true, "display": "select"}}, {"model": "waves.serviceinput", "pk": 521, "fields": {"created": "2016-06-21T09:39:15.665Z", "updated": "2016-06-21T09:39:15.665Z", "order": 1, "description": "The user has the possibility to input a starting backbone tree in which missing taxa of the source trees are inserted. The file myTreeFile contains the backbone tree proposed by the user. This backbone tree is possibly simplified if not\r\nsatisfying the PC property.", "short_description": null, "label": "Backbone Tree File", "name": "t", "default": "", "type": "file", "param_type": 2, "format": "", "service": 35, "mandatory": false, "multiple": false, "editable": true, "display": "select"}}, {"model": "waves.serviceinput", "pk": 522, "fields": {"created": "2016-06-21T09:39:15.668Z", "updated": "2016-06-21T09:39:15.668Z", "order": 2, "description": "The boostrap_threshold is an unbounded positive number.\r\nBefore running the actual algorithm, PhySIC_IST collapses the branches with a bootstrap value smaller than the indicated boostrap_threshold (if your bootstrap values are numbers between A and B, I suggest to set your treshold value in this range!). \r\nBranches of the source trees without bootstrap value are not collapsed.", "short_description": null, "label": "Bootstrap Threshold", "name": "boostrap_select", "default": "False", "type": "boolean", "param_type": 0, "format": "", "service": 35, "mandatory": false, "multiple": false, "editable": true, "display": "select"}}, {"model": "waves.serviceinput", "pk": 523, "fields": {"created": "2016-06-21T09:39:15.671Z", "updated": "2016-06-22T15:23:09.969Z", "order": 3, "description": "The correction_threshold is the threshold used by the STC (Source Tree Correction) preprocess, aiming to detect anomalies in the source trees (e.g., resulting from paralogy, HGT events or long branch attraction). \r\nThe STC preprocess detects incongruences in the source trees on the basis of triplets of taxa present in the source trees. When conflicting resolutions are observed among source trees for the same three taxa, STC drops the resolutions that are statistically less supported. This is achieved by a Chi-Square test comparing the frequencies with which the conflicting resolutions respectively\r\nappear. The correction_threshold is a real value between 0 and 1. The higher it is, the smaller the difference between frequencies of conflicting resolutions has to be in order for STC to drop the least frequent alternatives. In other words, setting correction_threshold to 1 impedes STC to drop any input triplet, while setting it to 0 implies dropping any contradicted triplet that is less\r\nfrequent that another triplet contradicting it. In the former case, PhySIC_IST behaves as a pure veto method, while in the latter case it mimics a voting (i.e., liberal) supertree method.", "short_description": null, "label": "Correction threshold", "name": "correction_threshold", "default": "False", "type": "boolean", "param_type": 4, "format": "", "service": 35, "mandatory": false, "multiple": false, "editable": true, "display": "select"}}, {"model": "waves.serviceinput", "pk": 524, "fields": {"created": "2016-06-21T09:39:15.674Z", "updated": "2016-06-21T09:39:15.674Z", "order": 4, "description": "newForestFile is the name of the file where the method outputs the modified source trees.  \r\nThis option is relevant only with -b and -c options.", "short_description": null, "label": "New Forest File", "name": "f", "default": "newForest.txt", "type": "text", "param_type": 2, "format": "", "service": 35, "mandatory": true, "multiple": false, "editable": true, "display": "select"}}, {"model": "waves.serviceinput", "pk": 525, "fields": {"created": "2016-06-21T09:39:15.677Z", "updated": "2016-06-21T09:39:15.677Z", "order": 5, "description": "When PhySIC_IST is provided  with unrooted source trees, it first has to root them. To that purpose, the software incorporates a rooting tool that automates the procedure. This tool accepts as input different outgroup levels, specified\r\nin the file named outgroup_File. Each level is a list of comma-separated taxa. \r\nEach level of outgroup must be divided from the next one by a line break. \r\n\r\nThe rooting procedure considers each unrooted source tree separately. For a given source tree T, it determines the first level of outgroup that contains one or more taxa of T. Then the tree is rooted on the branch leading to the smallest\r\nsubtree hosting all outgroup taxa of this level present in the tree. In other words, unrooted source trees are rooted on the branch leading to the outgroup that is the farthest from the ingroup. If the proposed outgroup is not monophyletic, the tree T is discarded from the analysis. This procedure does not alter the resolution inside the ingroup nor in the different outgroup levels that can be present in the tree.", "short_description": null, "label": "Outgroup File", "name": "r", "default": "", "type": "file", "param_type": 2, "format": "", "service": 35, "mandatory": false, "multiple": false, "editable": true, "display": "select"}}, {"model": "waves.serviceinput", "pk": 526, "fields": {"created": "2016-06-21T09:39:15.681Z", "updated": "2016-06-21T09:39:32.627Z", "order": 0, "description": "", "short_description": null, "label": "Bootstrap Threshold value", "name": "b", "default": "100", "type": "text", "param_type": 2, "format": "", "service": 35, "mandatory": false, "multiple": false, "editable": true, "display": "select"}}, {"model": "waves.serviceinput", "pk": 527, "fields": {"created": "2016-06-21T09:39:15.690Z", "updated": "2016-06-21T09:39:32.644Z", "order": 0, "description": "", "short_description": null, "label": "Correction threshold value", "name": "c", "default": "", "type": "float", "param_type": 2, "format": "0:1", "service": 35, "mandatory": false, "multiple": false, "editable": true, "display": "select"}}, {"model": "waves.serviceinput", "pk": 528, "fields": {"created": "2016-07-06T15:00:58.166Z", "updated": "2016-07-06T15:47:02.652Z", "order": 0, "description": "Phylip Alignment or Matrix file", "short_description": null, "label": "Fastme input", "name": "input", "default": "", "type": "file", "param_type": 2, "format": "phy", "service": 1, "mandatory": true, "multiple": false, "editable": true, "display": "select"}}, {"model": "waves.serviceinput", "pk": 529, "fields": {"created": "2016-07-06T15:00:58.167Z", "updated": "2016-07-06T15:00:58.185Z", "order": 1, "description": "Output name for files", "short_description": null, "label": "Output name", "name": "fileout_label", "default": "Newick tree", "type": "text", "param_type": 2, "format": null, "service": 1, "mandatory": true, "multiple": false, "editable": true, "display": "select"}}, {"model": "waves.serviceinput", "pk": 530, "fields": {"created": "2016-07-06T15:00:58.168Z", "updated": "2016-07-06T15:01:14.410Z", "order": 2, "description": "", "short_description": null, "label": "Data type", "name": "typeChoice", "default": "d", "type": "select", "param_type": 2, "format": "DNA|d\r\nProtein|p\r\nMatrix|m\r\nConfig file|cfg", "service": 1, "mandatory": true, "multiple": false, "editable": true, "display": "select"}}, {"model": "waves.serviceinput", "pk": 531, "fields": {"created": "2016-07-06T15:00:58.169Z", "updated": "2016-07-06T15:01:14.431Z", "order": 3, "description": "", "short_description": null, "label": "Evolutionary model", "name": "modeldna", "default": "T", "type": "select", "param_type": 2, "format": "F84|4\r\nRY|R\r\nF81|1\r\nJC69|J\r\nK2P|K\r\nTN93|T\r\np-distance|p", "service": 1, "mandatory": false, "multiple": false, "editable": true, "display": "select"}}, {"model": "waves.serviceinput", "pk": 532, "fields": {"created": "2016-07-06T15:00:58.170Z", "updated": "2016-07-06T15:01:14.434Z", "order": 4, "description": "", "short_description": null, "label": "Evolutionary model", "name": "modelprot", "default": "L", "type": "select", "param_type": 2, "format": "LG|L\r\nWAG|W\r\nJTT|J\r\nDay off|h\r\nCpRev|C\r\nDCMut|D\r\nHIVb|b\r\nHIVw|I\r\nMtREV|M\r\nRtREV|R\r\np-distance|p", "service": 1, "mandatory": false, "multiple": false, "editable": true, "display": "select"}}, {"model": "waves.serviceinput", "pk": 533, "fields": {"created": "2016-07-06T15:00:58.172Z", "updated": "2016-07-06T15:00:58.188Z", "order": 5, "description": "Precompute file containning sequence description (dna or protein)", "short_description": null, "label": "Config file", "name": "input_info", "default": null, "type": "file", "param_type": 2, "format": "txt", "service": 1, "mandatory": false, "multiple": false, "editable": true, "display": "select"}}, {"model": "waves.serviceinput", "pk": 534, "fields": {"created": "2016-07-06T15:00:58.173Z", "updated": "2016-07-06T15:01:14.413Z", "order": 3, "description": "By default, frequencies are globally counted from the nucleotides alignment or defined by the proteic substitution model. By checking the box, frequencies are pairwise estimated by counting the nucleotides or estimated by counting the amino-acids in the alignment.", "short_description": null, "label": "Equilibrium frequencies", "name": "equilibrium", "default": "False", "type": "boolean", "param_type": 2, "format": "--equilibrium:", "service": 1, "mandatory": true, "multiple": false, "editable": true, "display": "select"}}, {"model": "waves.serviceinput", "pk": 535, "fields": {"created": "2016-07-06T15:00:58.174Z", "updated": "2016-07-06T15:01:14.416Z", "order": 4, "description": "", "short_description": null, "label": "Gamma distributed rates across sites", "name": "gammaChoice", "default": "true", "type": "select", "param_type": 2, "format": "Yes|true\r\nNo|false", "service": 1, "mandatory": true, "multiple": false, "editable": true, "display": "select"}}, {"model": "waves.serviceinput", "pk": 536, "fields": {"created": "2016-07-06T15:00:58.175Z", "updated": "2016-07-06T15:00:58.190Z", "order": 8, "description": "", "short_description": null, "label": "Gamma distribution parameter", "name": "rate", "default": "1", "type": "float", "param_type": 2, "format": "0.0:None", "service": 1, "mandatory": false, "multiple": false, "editable": true, "display": "select"}}, {"model": "waves.serviceinput", "pk": 537, "fields": {"created": "2016-07-06T15:00:58.176Z", "updated": "2016-07-06T15:01:14.418Z", "order": 5, "description": "", "short_description": null, "label": "Remove gap strategy", "name": "removeGap", "default": "None", "type": "select", "param_type": 2, "format": "Pairwise deletion of gaps|None\r\nRemove all sites with gap|--remove_gap", "service": 1, "mandatory": true, "multiple": false, "editable": true, "display": "select"}}, {"model": "waves.serviceinput", "pk": 538, "fields": {"created": "2016-07-06T15:00:58.177Z", "updated": "2016-07-06T15:01:14.421Z", "order": 6, "description": "", "short_description": null, "label": "Distance algorithm", "name": "distance", "default": "--method=I", "type": "select", "param_type": 1, "format": "BIONJ|--method=I\r\nTaxAdd BalME|--method=B --branch_length=B\r\nTaxAdd OLSME|--method=O --branch_length=O\r\nNJ|--method=N\r\nUNJ|--method=U", "service": 1, "mandatory": true, "multiple": false, "editable": true, "display": "select"}}, {"model": "waves.serviceinput", "pk": 539, "fields": {"created": "2016-07-06T15:00:58.178Z", "updated": "2016-07-06T15:01:14.424Z", "order": 7, "description": "(NNI) Nearest Neighbor Interchanges,(SPR) Subtree Pruning and Regrafting", "short_description": null, "label": "Tree Refinement", "name": "treeRefinement", "default": "--spr", "type": "select", "param_type": 3, "format": "None|None\r\nOLS NNI|--nni=O\r\nBalME NNI|--nni=B\r\nBalME SPR|--spr\r\nBalME NNI + SPR|--nni=B --spr", "service": 1, "mandatory": true, "multiple": false, "editable": true, "display": "select"}}, {"model": "waves.serviceinput", "pk": 540, "fields": {"created": "2016-07-06T15:00:58.179Z", "updated": "2016-07-06T15:01:14.426Z", "order": 8, "description": "", "short_description": null, "label": "Bootstrap", "name": "bootChoice", "default": "false", "type": "select", "param_type": 2, "format": "No|false\r\nYes|true", "service": 1, "mandatory": true, "multiple": false, "editable": true, "display": "select"}}, {"model": "waves.serviceinput", "pk": 541, "fields": {"created": "2016-07-06T15:00:58.180Z", "updated": "2016-07-06T15:00:58.193Z", "order": 13, "description": "", "short_description": null, "label": "Number of replicates", "name": "replicates", "default": "1000", "type": "number", "param_type": 2, "format": "None:None", "service": 1, "mandatory": false, "multiple": false, "editable": true, "display": "select"}}, {"model": "waves.serviceinput", "pk": 542, "fields": {"created": "2016-07-06T15:01:28.466Z", "updated": "2016-07-06T15:01:28.487Z", "order": 0, "description": "Amino acid or nucleotide sequences in FASTA format.", "short_description": null, "label": "Sequences to align", "name": "inputSequences", "default": "", "type": "file", "param_type": 2, "format": "fasta", "service": 26, "mandatory": true, "multiple": false, "editable": true, "display": "select"}}, {"model": "waves.serviceinput", "pk": 543, "fields": {"created": "2016-07-06T15:01:28.467Z", "updated": "2016-07-06T15:01:51.964Z", "order": 1, "description": "", "short_description": null, "label": "Data type", "name": "datatype", "default": "None", "type": "select", "param_type": 2, "format": "Auto detection|None\r\nNucleic acids|--nuc\r\nAmino acids|--amino", "service": 26, "mandatory": true, "multiple": false, "editable": true, "display": "select"}}, {"model": "waves.serviceinput", "pk": 544, "fields": {"created": "2016-07-06T15:01:28.468Z", "updated": "2016-07-06T15:01:51.966Z", "order": 2, "description": "Run mafft with pre-defined input parameters. Specification of these parameters can be found in the help section.", "short_description": null, "label": "MAFFT flavour", "name": "cond_flavour", "default": "mafft-fftns", "type": "select", "param_type": 2, "format": "auto|mafft --auto\r\nfftns|mafft-fftns\r\nfftnsi|mafft-fftnsi\r\nnwns|mafft-nwns\r\nnwnsi|mafft-nwnsi\r\neinsi|mafft-einsi\r\nginsi|mafft-ginsi\r\nlinsi|mafft-linsi\r\nqinsi|mafft-qinsi\r\nxinsi|mafft-xinsi\r\nCustom Parameters|custom", "service": 26, "mandatory": true, "multiple": false, "editable": true, "display": "select"}}, {"model": "waves.serviceinput", "pk": 545, "fields": {"created": "2016-07-06T15:01:28.469Z", "updated": "2016-07-06T15:01:51.987Z", "order": 3, "description": "Distance method must be chosen regarding your data", "short_description": null, "label": "Distance method", "name": "distance_method", "default": "--6merpair", "type": "select", "param_type": 3, "format": "Shared 6mers distance (fastest)|--6merpair\r\nGlobal alignment (Needleman-Wunsch)|--globalpair\r\nLocal alignment (Smith-Waterman)|--localpair\r\nLocal, affine gap cost|--genafpair", "service": 26, "mandatory": false, "multiple": false, "editable": true, "display": "select"}}, {"model": "waves.serviceinput", "pk": 546, "fields": {"created": "2016-07-06T15:01:28.471Z", "updated": "2016-07-06T15:01:28.490Z", "order": 4, "description": "Valid with 6mer distance", "short_description": null, "label": "Guide tree is built this number of times in the progressive stage.", "name": "retree", "default": "2", "type": "number", "param_type": 2, "format": "1:100", "service": 26, "mandatory": false, "multiple": false, "editable": true, "display": "select"}}, {"model": "waves.serviceinput", "pk": 547, "fields": {"created": "2016-07-06T15:01:28.472Z", "updated": "2016-07-06T15:01:28.491Z", "order": 5, "description": "1000 for maximum quality", "short_description": null, "label": "Maximum number of iterations", "name": "iterations", "default": "0", "type": "number", "param_type": 2, "format": "0:1000", "service": 26, "mandatory": false, "multiple": false, "editable": true, "display": "select"}}, {"model": "waves.serviceinput", "pk": 548, "fields": {"created": "2016-07-06T15:01:28.474Z", "updated": "2016-07-06T15:01:51.969Z", "order": 3, "description": "Offset value, which works like gap extension penalty, for group-to-group alignment. For E-INS-i, 0 is recommended to allow large gaps", "short_description": null, "label": "Gap extend penalty", "name": "ep", "default": "0.123", "type": "float", "param_type": 2, "format": "None:None", "service": 26, "mandatory": true, "multiple": false, "editable": true, "display": "select"}}, {"model": "waves.serviceinput", "pk": 549, "fields": {"created": "2016-07-06T15:01:28.475Z", "updated": "2016-07-06T15:01:51.971Z", "order": 4, "description": "1.53 default value", "short_description": null, "label": "Gap opening penalty", "name": "op", "default": "1.53", "type": "float", "param_type": 2, "format": "None:None", "service": 26, "mandatory": true, "multiple": false, "editable": true, "display": "select"}}, {"model": "waves.serviceinput", "pk": 550, "fields": {"created": "2016-07-06T15:01:28.476Z", "updated": "2016-07-06T15:01:51.973Z", "order": 5, "description": "Generate reverse complement sequences, as necessary, and align them together with the remaining sequences", "short_description": null, "label": "Direction of nucleotide sequences", "name": "adjustdirection", "default": "", "type": "select", "param_type": 2, "format": "adjust direction|--adjustdirection\r\ndo not adjust direction|", "service": 26, "mandatory": true, "multiple": false, "editable": true, "display": "select"}}, {"model": "waves.serviceinput", "pk": 551, "fields": {"created": "2016-07-06T15:01:28.477Z", "updated": "2016-07-06T15:01:51.976Z", "order": 6, "description": "Usefull only for amino acids", "short_description": null, "label": "Matrix selection", "name": "matrix_condition", "default": "None", "type": "select", "param_type": 2, "format": "No matrix|None\r\nBLOSUM|BLOSUM\r\nPAM|PAM", "service": 26, "mandatory": true, "multiple": false, "editable": true, "display": "select"}}, {"model": "waves.serviceinput", "pk": 552, "fields": {"created": "2016-07-06T15:01:28.478Z", "updated": "2016-07-06T15:01:51.995Z", "order": 10, "description": "", "short_description": null, "label": "Coefficient of the BLOSUM matrix", "name": "BLOSUM", "default": "62", "type": "select", "param_type": 2, "format": "30|30\r\n45|45\r\n62|62\r\n80|80", "service": 26, "mandatory": false, "multiple": false, "editable": true, "display": "select"}}, {"model": "waves.serviceinput", "pk": 553, "fields": {"created": "2016-07-06T15:01:28.479Z", "updated": "2016-07-06T15:01:28.496Z", "order": 11, "description": "", "short_description": null, "label": "Coefficient of the PAM matrix", "name": "PAM", "default": "80", "type": "number", "param_type": 2, "format": "1:350", "service": 26, "mandatory": false, "multiple": false, "editable": true, "display": "select"}}, {"model": "waves.serviceinput", "pk": 554, "fields": {"created": "2016-07-06T15:01:28.480Z", "updated": "2016-07-06T15:01:51.978Z", "order": 7, "description": "", "short_description": null, "label": "Reorder output?", "name": "reorder", "default": "False", "type": "boolean", "param_type": 2, "format": "--reorder:", "service": 26, "mandatory": true, "multiple": false, "editable": true, "display": "select"}}, {"model": "waves.serviceinput", "pk": 555, "fields": {"created": "2016-07-06T15:01:28.481Z", "updated": "2016-07-06T15:01:51.980Z", "order": 8, "description": "", "short_description": null, "label": "Display alignment tree ?", "name": "getTree", "default": "False", "type": "boolean", "param_type": 2, "format": "--treeout:", "service": 26, "mandatory": true, "multiple": false, "editable": true, "display": "select"}}, {"model": "waves.serviceinput", "pk": 556, "fields": {"created": "2016-07-06T15:01:28.482Z", "updated": "2016-07-06T15:01:51.984Z", "order": 9, "description": "Either FASTA or ClustalW", "short_description": null, "label": "Output format", "name": "outputFormat", "default": "None", "type": "select", "param_type": 2, "format": "FASTA|None\r\nClustalW|--clustalout\r\nPhylip|--phylipout", "service": 26, "mandatory": true, "multiple": false, "editable": true, "display": "select"}}, {"model": "waves.relatedinput", "pk": 519, "fields": {"when_value": "1", "related_to": 487}}, {"model": "waves.relatedinput", "pk": 526, "fields": {"when_value": "1", "related_to": 522}}, {"model": "waves.relatedinput", "pk": 527, "fields": {"when_value": "1", "related_to": 523}}, {"model": "waves.relatedinput", "pk": 531, "fields": {"when_value": "d", "related_to": 530}}, {"model": "waves.relatedinput", "pk": 545, "fields": {"when_value": "custom", "related_to": 544}}, {"model": "waves.relatedinput", "pk": 532, "fields": {"when_value": "p", "related_to": 530}}, {"model": "waves.relatedinput", "pk": 546, "fields": {"when_value": "custom", "related_to": 544}}, {"model": "waves.relatedinput", "pk": 533, "fields": {"when_value": "cfg", "related_to": 530}}, {"model": "waves.relatedinput", "pk": 547, "fields": {"when_value": "custom", "related_to": 544}}, {"model": "waves.relatedinput", "pk": 536, "fields": {"when_value": "true", "related_to": 535}}, {"model": "waves.relatedinput", "pk": 552, "fields": {"when_value": "BLOSUM", "related_to": 551}}, {"model": "waves.relatedinput", "pk": 553, "fields": {"when_value": "PAM", "related_to": 551}}, {"model": "waves.relatedinput", "pk": 541, "fields": {"when_value": "true", "related_to": 540}}, {"model": "waves.relatedinput", "pk": 388, "fields": {"when_value": "d", "related_to": 481}}, {"model": "waves.relatedinput", "pk": 389, "fields": {"when_value": "p", "related_to": 481}}, {"model": "waves.serviceoutput", "pk": 149, "fields": {"created": "2016-06-08T15:00:35.142Z", "updated": "2016-06-08T15:09:37.782Z", "order": 0, "description": "Issued from input 'fileout_label'", "short_description": null, "name": "outputTree", "service": 33, "from_input": 480}}, {"model": "waves.serviceoutput", "pk": 150, "fields": {"created": "2016-06-08T15:00:35.145Z", "updated": "2016-06-08T15:00:35.145Z", "order": 1, "description": "FastME Information", "short_description": null, "name": "outputLog", "service": 33, "from_input": null}}, {"model": "waves.serviceoutput", "pk": 151, "fields": {"created": "2016-06-08T15:00:35.147Z", "updated": "2016-06-08T15:00:35.147Z", "order": 2, "description": "FastME Bootstrap trees", "short_description": null, "name": "outputBoostrap", "service": 33, "from_input": null}}, {"model": "waves.serviceoutput", "pk": 152, "fields": {"created": "2016-06-08T15:00:35.150Z", "updated": "2016-06-08T15:00:35.150Z", "order": 3, "description": "FastME Distance matrix", "short_description": null, "name": "outputMatrix", "service": 33, "from_input": null}}, {"model": "waves.serviceoutput", "pk": 159, "fields": {"created": "2016-06-21T09:39:15.700Z", "updated": "2016-06-22T15:23:09.980Z", "order": 0, "description": "The supertree inferred by PhySIC_IST is outputted in Newick format in the command-line terminal.", "short_description": null, "name": "Inferred supertree", "service": 35, "from_input": 524}}, {"model": "waves.serviceoutput", "pk": 160, "fields": {"created": "2016-07-06T15:00:58.215Z", "updated": "2016-07-06T15:00:58.217Z", "order": 0, "description": "Issued from input 'fileout_label'", "short_description": null, "name": "outputTree", "service": 1, "from_input": 529}}, {"model": "waves.serviceoutput", "pk": 161, "fields": {"created": "2016-07-06T15:00:58.216Z", "updated": "2016-07-06T15:00:58.217Z", "order": 1, "description": "FastME Information", "short_description": null, "name": "outputLog", "service": 1, "from_input": null}}, {"model": "waves.serviceoutput", "pk": 162, "fields": {"created": "2016-07-06T15:00:58.216Z", "updated": "2016-07-06T15:00:58.217Z", "order": 2, "description": "FastME Bootstrap trees", "short_description": null, "name": "outputBoostrap", "service": 1, "from_input": null}}, {"model": "waves.serviceoutput", "pk": 163, "fields": {"created": "2016-07-06T15:00:58.216Z", "updated": "2016-07-06T15:00:58.218Z", "order": 3, "description": "FastME Distance matrix", "short_description": null, "name": "outputMatrix", "service": 1, "from_input": null}}, {"model": "waves.serviceoutput", "pk": 164, "fields": {"created": "2016-07-06T15:01:28.518Z", "updated": "2016-07-06T15:01:28.519Z", "order": 0, "description": "${tool.name} on ${on_string}", "short_description": null, "name": "outputAlignment", "service": 26, "from_input": null}}, {"model": "waves.serviceoutput", "pk": 165, "fields": {"created": "2016-07-06T15:01:28.519Z", "updated": "2016-07-06T15:01:28.520Z", "order": 1, "description": "${tool.name} Guide Tree", "short_description": null, "name": "outputTree", "service": 26, "from_input": null}}, {"model": "waves.servicemeta", "pk": 1, "fields": {"order": 0, "description": "This is a meta for web site", "short_description": null, "type": "website", "value": "http://www.atgc-montpellier.fr/physic_ist/", "service": 1}}, {"model": "waves.servicemeta", "pk": 2, "fields": {"order": 1, "description": "This is a documentation link", "short_description": null, "type": "doc", "value": "http://www.google.fr", "service": 1}}, {"model": "waves.servicemeta", "pk": 3, "fields": {"order": 2, "description": "This is another download link", "short_description": null, "type": "download", "value": "http://www.google.fr", "service": 1}}, {"model": "waves.servicemeta", "pk": 4, "fields": {"order": 3, "description": "This is the citation to use", "short_description": null, "type": "cite", "value": "Cite Mr Lefort / MR Chakiachvili", "service": 1}}, {"model": "waves.servicemeta", "pk": 5, "fields": {"order": 4, "description": "cmd -e -f - t \r\n- e e param\r\n- f f param to set\r\n- qsdmlkqsdmlkqsmdlk", "short_description": null, "type": "cmd", "value": "This is usual command line", "service": 1}}, {"model": "waves.servicemeta", "pk": 6, "fields": {"order": 5, "description": "This is another website link", "short_description": null, "type": "website", "value": "http://www.chezmoicamarche.org", "service": 1}}, {"model": "waves.servicemeta", "pk": 7, "fields": {"order": 6, "description": "This is a very special feature for this service\r\n- a line for display\r\n- another line for display\r\n- another line for display", "short_description": null, "type": "feat", "value": "Feature 1", "service": 1}}, {"model": "waves.servicemeta", "pk": 8, "fields": {"order": 7, "description": "This is a very special feature for this service, could be preformatted", "short_description": null, "type": "feat", "value": "Feature 2", "service": 1}}, {"model": "waves.servicemeta", "pk": 105, "fields": {"order": 0, "description": "This is a meta for web site", "short_description": null, "type": "website", "value": "http://www.atgc-montpellier.fr/fastme/", "service": 33}}, {"model": "waves.servicemeta", "pk": 106, "fields": {"order": 1, "description": "This is a documentation link", "short_description": null, "type": "doc", "value": "http://www.google.fr", "service": 33}}, {"model": "waves.servicemeta", "pk": 107, "fields": {"order": 2, "description": "This is another download link", "short_description": null, "type": "download", "value": "http://www.google.fr", "service": 33}}, {"model": "waves.servicemeta", "pk": 108, "fields": {"order": 3, "description": "This is the citation to use", "short_description": null, "type": "cite", "value": "Cite Mr Lefort / MR Chakiachvili", "service": 33}}, {"model": "waves.servicemeta", "pk": 109, "fields": {"order": 4, "description": "cmd -e -f - t \r\n- e e param\r\n- f f param to set\r\n- qsdmlkqsdmlkqsmdlk", "short_description": null, "type": "cmd", "value": "This is usual command line", "service": 33}}, {"model": "waves.servicemeta", "pk": 110, "fields": {"order": 5, "description": "This is another website link", "short_description": null, "type": "website", "value": "http://www.chezmoicamarche.org", "service": 33}}, {"model": "waves.servicemeta", "pk": 111, "fields": {"order": 6, "description": "This is a very special feature for this service\r\n- a line for display\r\n- another line for display\r\n- another line for display", "short_description": null, "type": "feat", "value": "Feature 1", "service": 33}}, {"model": "waves.servicemeta", "pk": 112, "fields": {"order": 7, "description": "This is a very special feature for this service, could be preformatted", "short_description": null, "type": "feat", "value": "Feature 2", "service": 33}}, {"model": "eav.attribute", "pk": 1, "fields": {"name": "Galaxy allow history purge", "site": 1, "slug": "galaxy_allow_purge", "description": "", "enum_group": null, "type": "job", "datatype": "bool", "created": "2016-05-11T15:32:26.645Z", "modified": "2016-05-11T15:36:50.093Z", "required": false}}, {"model": "eav.attribute", "pk": 2, "fields": {"name": "Input Galaxy dataset ID", "site": 1, "slug": "galaxy_input_dataset_id", "description": "", "enum_group": null, "type": "job_input", "datatype": "text", "created": "2016-05-11T15:33:04.157Z", "modified": "2016-05-17T14:13:01.162Z", "required": false}}, {"model": "eav.attribute", "pk": 3, "fields": {"name": "Galaxy history id", "site": 1, "slug": "galaxy_history_id", "description": "", "enum_group": null, "type": "job", "datatype": "text", "created": "2016-05-11T15:34:32.677Z", "modified": "2016-05-11T15:36:55.007Z", "required": false}}, {"model": "eav.attribute", "pk": 4, "fields": {"name": "Galaxy job ID", "site": 1, "slug": "galaxy_job_id", "description": "", "enum_group": null, "type": "job", "datatype": "text", "created": "2016-05-11T15:35:01.292Z", "modified": "2016-05-17T14:05:45.418Z", "required": false}}, {"model": "eav.attribute", "pk": 5, "fields": {"name": "Ouput galaxy dataset ID", "site": 1, "slug": "galaxy_output_dataset_id", "description": "", "enum_group": null, "type": "job_output", "datatype": "text", "created": "2016-05-11T15:35:39.075Z", "modified": "2016-05-17T14:12:50.247Z", "required": false}}, {"model": "eav.attribute", "pk": 6, "fields": {"name": "Galaxy job output data", "site": 1, "slug": "job_output_file", "description": "", "enum_group": null, "type": "job_output", "datatype": "text", "created": "2016-05-17T14:13:49.718Z", "modified": "2016-05-17T14:13:49.734Z", "required": false}}, {"model": "eav.attribute", "pk": 7, "fields": {"name": "Cluster job ID", "site": 1, "slug": "cluster_job_id", "description": "", "enum_group": null, "type": "job", "datatype": "text", "created": "2016-05-19T15:17:44.052Z", "modified": "2016-05-19T15:17:44.068Z", "required": false}}, {"model": "auth.group", "pk": 1, "fields": {"name": "WAVES_ADMIN", "permissions": [10, 11, 12, 115, 116, 117, 112, 113, 114, 55, 56, 57, 49, 50, 51, 43, 44, 45, 52, 53, 54, 61, 62, 63, 64, 65, 66, 79, 80, 81, 46, 47, 48, 106, 109, 91, 94, 97, 100, 103, 67, 88, 107, 110, 92, 95, 98, 101, 104, 68, 89, 108, 111, 93, 96, 99, 102, 105, 69, 90, 58, 59, 60, 73, 74, 75, 76, 77, 78, 70, 71, 72]}}, {"model": "auth.group", "pk": 2, "fields": {"name": "WAVES_API_USER", "permissions": [11, 12, 79, 80, 81, 73, 74, 75, 76, 77, 78, 70, 71, 72]}}, {"model": "auth.group", "pk": 3, "fields": {"name": "WAVES_WEB_USER", "permissions": [37, 38, 39, 79, 80, 81, 73, 74, 75, 76, 77, 78, 70, 71, 72]}}, {"model": "authtools.user", "pk": 3, "fields": {"password": "pbkdf2_sha256$24000$MNyTpYRElkDq$ZXgfDX3sU7aaP09J79aqKpB68/3ZoAxYaAG5rwMR1ms=", "last_login": "2016-07-06T12:49:48.959Z", "is_superuser": true, "email": "superadmin@waves.atgc-montpellier.fr", "is_staff": true, "is_active": true, "date_joined": "2016-05-12T09:08:32.894Z", "name": "Sample Super Admin", "groups": [], "user_permissions": []}}, {"model": "authtools.user", "pk": 4, "fields": {"password": "pbkdf2_sha256$24000$F5JSLCprIc6u$SOAZ3DL1WU8PUkr4x1zF63qUXhRbJ1jfaFIj9awY+Bw=", "last_login": "2016-06-16T14:55:19.423Z", "is_superuser": false, "email": "webuser@waves.atgc-montpellier.fr", "is_staff": false, "is_active": true, "date_joined": "2016-05-12T09:09:40.072Z", "name": "Sample User", "groups": [3], "user_permissions": []}}, {"model": "authtools.user", "pk": 5, "fields": {"password": "pbkdf2_sha256$24000$xOlLVlAwLJTZ$d3aphQCah8sU7/LRwx0CP9iJfvHE7BDV7HzjJIW8FMc=", "last_login": "2016-06-01T11:15:02.089Z", "is_superuser": false, "email": "apiuser@waves.atgc-montpellier.fr", "is_staff": false, "is_active": true, "date_joined": "2016-05-12T09:14:24.673Z", "name": "Sample API User", "groups": [2, 3], "user_permissions": []}}, {"model": "authtools.user", "pk": 6, "fields": {"password": "pbkdf2_sha256$24000$KTFSDWIAtN9q$q/BRjwsOp1+nullc3ZRq5umWGpA3G1Hk4/d+DL0lY5A=", "last_login": "2016-06-13T11:50:41.779Z", "is_superuser": false, "email": "admin@waves.atgc-montpellier.fr", "is_staff": true, "is_active": true, "date_joined": "2016-05-12T09:41:34.042Z", "name": "Sample Admin user", "groups": [1, 2, 3], "user_permissions": []}}, {"model": "authtools.user", "pk": 7, "fields": {"password": "pbkdf2_sha256$24000$jyZUAQqW3clO$QNViUVV8Hy96E+XjW7P5x1MMexUPC2NfPs5yuIhAwW4=", "last_login": "2016-06-09T09:27:08.581Z", "is_superuser": true, "email": "cronjob@waves.atgc-montpellier.fr", "is_staff": false, "is_active": true, "date_joined": "2016-06-09T09:23:31.787Z", "name": "Cron Job Executor", "groups": [], "user_permissions": []}}, {"model": "waves.apiprofile", "pk": 7, "fields": {"slug": "d555aaaa-2e23-11e6-beb0-3417ebccd2cf", "picture": "", "registered_for_api": true, "api_key": "d555ed1c-2e23-11e6-beb0-3417ebccd2cf", "institution": "WAVES", "country": "", "phone": null, "comment": "Do Not delete this user, as it manage the cron jobs.", "ip": null}}, {"model": "waves.apiprofile", "pk": 5, "fields": {"slug": "eb9d0212-1821-11e6-a8e0-3417ebccd2cf", "picture": "", "registered_for_api": true, "api_key": "eb9d047e-1821-11e6-a8e0-3417ebccd2cf", "institution": "LIRMM", "country": "FR", "phone": null, "comment": "Do not Use in production !!!", "ip": ""}}, {"model": "waves.apiprofile", "pk": 6, "fields": {"slug": "b6caa450-1825-11e6-9201-3417ebccd2cf", "picture": "", "registered_for_api": true, "api_key": "a10e5dc8-1825-11e6-8eb5-3417ebccd2cf", "institution": "LIRMM", "country": "FR", "phone": null, "comment": "Do Not Use In Production !!!!", "ip": ""}}, {"model": "waves.apiprofile", "pk": 3, "fields": {"slug": "19f01754-1821-11e6-a654-3417ebccd2cf", "picture": "", "registered_for_api": true, "api_key": "19f019ca-1821-11e6-a654-3417ebccd2cf", "institution": "LIRMM", "country": "FR", "phone": "", "comment": "Do Not use in production !!!", "ip": null}}, {"model": "waves.apiprofile", "pk": 4, "fields": {"slug": "41fa30ae-1821-11e6-b1d1-3417ebccd2cf", "picture": "", "registered_for_api": false, "api_key": null, "institution": "LIRMM", "country": "FR", "phone": "", "comment": "", "ip": null}}]